Job Title,Location,Qualifications,Salary
Software Developer - AI Trainer,"DataAnnotation - 3.9
New York, NY","['Kotlin', 'Go', 'CSS', 'React', 'Writing skills', 'C#', 'English', 'Mid-level', 'Java', 'SQL', 'C++', 'C', ""Bachelor's degree"", 'JavaScript', 'Swift', 'AI', 'Grammar Experience', 'TypeScript', 'Python', 'HTML']","Contract
From $40 an hour"
Front-End Developer- AI Trainer,"DataAnnotation - 3.9
New York, NY","['Kotlin', 'Go', 'CSS', 'React', 'Writing skills', 'C#', 'English', 'Mid-level', 'Java', 'SQL', 'C++', 'C', ""Bachelor's degree"", 'JavaScript', 'Swift', 'AI', 'Grammar Experience', 'TypeScript', 'Python', 'HTML']","Contract
From $40 an hour"
Manager of DevOps Engineering | Information Technology,"Rockefeller University - 4.2
New York, NY","['CI/CD', 'Computer science', 'TCP', 'System administration', 'Azure', 'Node.js', 'Kubernetes', 'Ansible', 'Vagrant', 'Kanban', 'DevOps', 'Git', 'GitLab CI/CD', '3 years', 'Bash', 'Application development', 'DHCP', 'AWS', 'Docker', ""Bachelor's degree"", 'Ruby on Rails', 'Virtualization', 'Splunk', 'New Relic', 'Perl', 'Mentoring', 'Scripting', 'DNS', 'Angular', 'Ruby', 'Organizational skills', 'Agile', 'VMWare', 'SSH', 'Linux', 'Apache', 'TCP/IP', 'Senior level', 'GitLab', 'Python', 'Teaching', 'Shell Scripting', 'NGINX']","Full-time
$125,000 - $150,000 a year"
"Specialist, Developer (Digital Personalization)","Macy’s - 3.6
New York, NY","['Web analytics', 'Management', 'CSS', 'Mid-level', ""Bachelor's degree"", 'JavaScript', 'APIs', 'Purchasing', 'IT', 'A/B testing', 'Data collection', 'Business requirements', 'Communication skills', 'Adobe Analytics', 'Multichannel marketing', 'HTML', 'Adobe Target', 'Stakeholder management']","$77,160 - $128,640 a year"
Full Stack Developer,"Rethink
New York, NY","['MVC', 'CSS', 'Mobile applications', '.NET Core', 'C#', 'Microsoft SQL Server', 'Mid-level', '.NET', 'SQL', 'JavaScript', 'Angular', 'TypeScript', 'HTML', 'Design patterns']","Full-time
$50 - $60 an hour"
Back End Developer,"Technology Holdings North America Inc. - 3.0
New York, NY","['Cloud infrastructure', 'Go', 'Cassandra', 'Kubernetes', 'UNIX', 'Google Cloud Platform', '3 years', 'Bash', 'Databases', '8 years', 'AWS', 'Docker', 'Distributed systems', 'Terraform', 'Redis', 'Back-end development', 'Scripting', 'APIs', 'Senior level', 'Shell Scripting']","Full-time
$150,000 - $200,000 a year"
SharePoint Application Developer,"BRC
New York, NY","['Computer science', 'Computer Science', 'CSS', 'Web development', 'DocuSign', '5 years', 'Microsoft Office', 'SQL', ""Bachelor's degree"", 'JavaScript', 'SharePoint', 'Agile', 'Metadata', 'Senior level', 'jQuery', 'HTML']","Temporary | Full-time
$55 - $65 an hour"
"C++ Developer, Capital Markets","Business Integration Partners (BIP) - 3.0
New York, NY","['Computer Science', 'Software troubleshooting', 'Trading', '5 years', 'Data structures', 'NoSQL', 'Git', 'Test-driven development', 'Java', 'Finance', 'Algorithms', 'SQL', 'C++', ""Bachelor's degree"", 'APIs', 'Agile', 'Senior level', 'Python']","Full-time
$90,000 - $135,000 a year"
Microsoft Cloud Engineer,"Health Center, Inc. - 3.0
New York, NY","['Microsoft Windows Server', 'Microsoft Powerpoint', 'Computer science', 'ITIL Certification', 'Cloud infrastructure', 'Microsoft Excel', 'Azure', 'Computer Science', 'Customer service', '5 years', 'Engineering', 'Encryption', 'Information Systems', 'Windows', 'TLS', 'AWS', ""Bachelor's degree"", 'SSL', 'Scripting', 'DNS', 'SharePoint', 'VMWare', 'SSH', 'HTTPS', 'Senior level', 'Citrix', 'Communication skills', 'Microsoft Intune', 'Python', 'PowerShell', 'IaaS', 'Active Directory', 'Intune', 'Time management', 'VPN']","Full-time
$96,800 - $120,900 a year
7 days ago"
Back-End JAVA Developer- NYC/NJ ONLY! (NO REMOTE APPLICANTS),"LiveCare
New York, NY","['Spring Boot', 'Mid-level', 'Java', 'AWS', 'JavaScript', 'REST', 'APIs', '1 year', '2 years', 'Spring', 'MySQL', 'AWS Lambda']","Full-time
$80,000 - $100,000 a year"
Founding Full-Stack Software Engineer,"Fonzi AI
Brooklyn, NY","['React', 'DevOps', 'Mid-level', '3 years', 'SQL', 'JavaScript', 'APIs', 'AI', 'TypeScript']","Full-time
$150,000 - $210,000 a year"
"Senior Java Developer, Capital Markets","Business Integration Partners (BIP) - 3.0
New York, NY","['CI/CD', 'UI development', 'Trading', 'React', 'Relational databases', '5 years', 'DevOps', 'System design', 'UNIX', 'Test automation', 'Bloomberg', 'Java', 'SQL', 'OOP', 'Analysis skills', 'Scripting', 'Software development', 'APIs', 'Agile', 'Linux', 'Service-oriented architecture', 'Senior level', ""Associate's degree"", 'Multithreading', 'Communication skills', 'Spring', 'Negotiation', 'HTML', 'Design patterns']","Full-time
$110,000 - $150,000 a year"
Jira Triage Analyst,"Aceolution - 2.6
New York, NY","['Jira', 'Pegasystems', 'Management', 'Mid-level', 'Qualtrics', 'SQL', 'Analysis skills', 'Confluence', 'ServiceNow', 'Kibana', 'Citrix', '2 years', 'Communication skills']","Contract
Estimated: $81K - $102K a year
4 days ago"
Full Stack Developer,"Rowan Technology
New York, NY","['Computer science', 'Kotlin', 'Management', 'Node.js', 'React', 'Bachelor of Science', 'Mid-level', 'Java', 'AWS', 'Docker', 'Bootcamp', ""Bachelor's degree"", 'Ruby on Rails', 'PostgreSQL', 'Angular', 'Ruby', 'Software development', 'GraphQL', '1 year', 'gRPC', 'Leadership', 'TypeScript', 'Communication skills']","Full-time
$110,000 - $140,000 a year"
JavaScript Developer (Mandarin MUST - Will Train - Nationwide),"Visa One Corporation
New York, NY","['Mandarin', 'AJAX', 'Node.js', 'CSS', 'Bootstrap', 'React', 'No experience needed', 'English', 'UI design', ""Master's degree"", ""Bachelor's degree"", 'JavaScript', 'Back-end development', 'SASS', 'Usability', 'REST', 'Angular', 'UX', 'Organizational skills', 'Agile', 'Web services', 'JSON', '1 year', '2 years', 'Communication skills', 'React Native', 'Entry level', 'HTML', 'Under 1 year']","Full-time | Internship
$60,000 - $85,000 a year
10 days ago"
Asset & Wealth Management - Software Engineer - Associate - New York,"Goldman Sachs - 3.9
New York, NY","['Spring Boot', 'CI/CD', 'Gradle', 'JUnit', 'Kubernetes', 'NoSQL', 'Git', 'Test-driven development', 'MongoDB', 'Mid-level', '3 years', 'Java', 'Microservices', 'SQL', 'AWS', 'Analysis skills', 'Docker', 'Machine learning', 'Distributed systems', 'REST', 'Financial services', 'Kafka', 'Maven', 'Multithreading', 'Communication skills', 'Spring']","Part-time | Full-time
$115,000 - $180,000 a year
1 day ago"
Software Engineer,"Garage - 3.4
New York, NY","['Computer Science', 'React', ""Master's degree"", ""Bachelor's degree"", 'GitHub', '1 year', 'TypeScript', 'Entry level']","Full-time
$125,000 - $175,000 a year
1 day ago"
Full Stack Developer,"Hook & Barrel, LLC - 3.0
United States","['Email marketing', 'Adobe Photoshop', 'Node.js', 'React', 'WordPress', 'Adobe Illustrator', 'PHP', 'JavaScript', 'PostgreSQL', 'Redis', 'Software development', 'APIs', 'GraphQL', 'Playwright', 'Senior level', 'AI', 'Google Analytics', '2 years', 'TypeScript', 'Analytics']","Full-time
$80,000 - $125,000 a year
7 days ago"
Software Development Engineer 1,"Adobe - 4.3
New York, NY","['Computer science', 'Bachelor of Science', 'iOS', 'Mid-level', 'Windows', 'Java', 'Algorithms', 'C++', 'C', ""Bachelor's degree"", 'Machine learning', 'JavaScript', 'Distributed systems', 'Packaging', 'SDKs', 'Organizational skills', 'Data transformation', 'TypeScript', 'Communication skills', 'Design patterns']","Full-time
$76,000 - $152,200 a year
1 day ago"
"Senior Backend Engineer - Python, Webframeworks, SQL, MySQL, Postgres - Resy","Amex - 4.1
New York, NY","['Jira', 'RDBMS', 'Hospitality', 'Performance tuning', 'Computer science', 'Management', 'Computer Science', 'PCI', 'UNIX', 'MongoDB', 'Microservices', 'SQL', 'AWS', 'Project management', ""Bachelor's degree"", 'PostgreSQL', 'Django', 'APIs', 'S3', 'Linux', 'Kafka', 'Flask', 'Senior level', 'Python', 'MySQL']","$110,000 - $190,000 a year
3 days ago"
Senior Software Engineer - Scala,"Disney Entertainment & ESPN Technology - 3.4
New York, NY","['CI/CD', 'Computer science', 'Computer Science', 'Kubernetes', '5 years', 'Writing skills', 'Spark', 'System architecture', 'Java', 'Functional testing', 'AWS', ""Bachelor's degree"", 'Scala', 'Terraform', 'Software development', 'APIs', 'S3', 'Integration testing', 'Apache', 'DynamoDB', 'Senior level', 'Jenkins', 'Python', 'Design patterns']","$138,900 - $203,900 a year
2 days ago"
Platform Developer,"City National Bank - 3.6
New York, NY","['CI/CD', 'MCSA', 'Salesforce Certification', 'MCSE', 'Salesforce', 'Information Systems', 'Mid-level', ""Master's degree"", ""Bachelor's degree"", 'MTA', 'Systems engineering', 'Organizational skills', 'Software development', 'Agile', 'Financial services', 'Epic Certification', 'Unit testing', '4 years', 'Communication skills', 'Time management', 'SDLC']","$87,027 - $138,965 a year
10 days ago"
Software Engineer II (C# .NET WinForms),"Management Science Associates - 2.8
United States","['RDBMS', 'Computer science', 'Power BI', 'Management', 'Computer Science', 'Relational databases', '5 years', 'Visual Studio', 'C#', 'Microsoft SQL Server', 'SSRS', '.NET', 'Database management', ""Bachelor's degree"", 'Data management', 'Software development', 'IT', 'Unit testing', 'Systems analysis', 'Manufacturing', 'Senior level', 'Communication skills', 'Python', 'SDLC']","Full-time
Estimated: $104K - $132K a year"
Principal Performance Engineer (Trading),"Fidelity Investments - 4.0
Jersey City, NJ","['Computer science', 'Ethereum', 'Oracle', 'Computer Science', 'Relational databases', 'Cucumber', 'Test automation', 'Employment & labor law', 'Selenium', 'Performance testing', 'Java', 'Databases', 'SQL', 'AWS', ""Bachelor's degree"", 'Splunk', 'Scripting', 'Scrum', 'Agile', 'IT', 'S3', 'Senior level', 'Cryptocurrency', 'Mechanical knowledge', 'Python', 'Shell Scripting', '10 years']","$85,000 - $179,000 a year"
Lead Backend Developer,"TXR
United States","['Jira', 'CI/CD', 'Management', 'Kubernetes', 'RESTful API', 'Git', 'Mid-level', 'AWS', 'Confluence', 'PostgreSQL', 'Back-end development', 'Django', 'GitHub', 'APIs', 'S3', 'HubSpot', '4 years', 'Communication skills', 'Python']","Full-time
$120,000 - $140,000 a year"
Python Developer,"Schrödinger - 3.0
New York, NY","['Test-driven development', 'Mid-level', 'OOP', 'Python']","$120,000 - $160,000 a year
9 days ago"
"Java Backend Engineer - Aladdin Engineering, Associate","BlackRock Investments - 3.8
New York, NY","['Azure', 'Computer Science', 'Cassandra', 'React', 'Kubernetes', 'Ansible', 'Relational databases', 'Software deployment', 'Bachelor of Science', 'DevOps', 'Microsoft SQL Server', 'NoSQL', 'Employee orientation', 'Git', 'Test-driven development', 'Google Cloud Platform', 'Research', 'Mid-level', '3 years', 'Java', ""Master's degree"", 'Databases', 'Microservices', 'SQL', 'AWS', 'Analysis skills', 'Docker', ""Bachelor's degree"", 'JavaScript', 'Product management', 'Master of Science', 'Terraform', 'Redis', 'REST', 'Angular', 'APIs', 'Sybase', 'Agile', 'Kafka', 'Unit testing', 'Middleware', 'Service-oriented architecture', 'Vue.js', 'Maven', 'AI', 'gRPC', 'Leadership', 'Communication skills', 'Spring', 'Hibernate', 'High availability', 'Design patterns']","$145,000 - $162,000 a year"
"Risk - New York- Associate, Software Engineering- 8456298","Goldman Sachs - 3.9
New York, NY","['Software Engineering', 'Mid-level', ""Master's degree"", 'OOP', ""Bachelor's degree"", '1 year']","$123,800 - $172,000 a year
22 hours ago"
Software Engineer - Full-Stack,"Accrete - 3.0
New York, NY","['CI/CD', 'Data modeling', 'Management', 'Node.js', 'React', 'Kubernetes', 'RESTful API', 'Full-stack development', 'Software deployment', 'DevOps', 'NoSQL', 'Git', 'Google Cloud Platform', 'Mid-level', '3 years', 'Databases', 'Microservices', 'SQL', 'AWS', 'Docker', 'Machine learning', 'JavaScript', 'Back-end development', 'Angular', 'Django', 'APIs', 'Scalability', 'IT', 'Construction', 'Vue.js', 'Flask', 'AI']","Full-time
$140,000 - $190,000 a year
2 days ago"
Software Developer,"Luxoft - 4.5
New York, NY","['Computer science', 'Node.js', 'Computer Science', 'React', 'English', 'Mid-level', 'Java', ""Bachelor's degree"", 'JavaScript', 'Computer Information Systems', 'Kafka', 'Maven', '2 years', 'Spring', 'Hibernate']","$151,819 a year
1 day ago"
Software Engineer,"Morgan & Morgan, P.A. - 2.8
Brooklyn, NY","['Mid-level', 'Personal injury law']","Full-time
$120,000 a year
1 day ago"
Backend Engineer,"Bevel
New York, NY","['Mid-level', 'TypeScript', 'Python']","Full-time
$120,000 - $160,000 a year"
"Java Engineer, Associate","BlackRock Investments - 3.8
New York, NY","['CI/CD', 'Computer science', 'Kotlin', 'Computer Science', 'Relational databases', 'Bachelor of Science', 'UNIX', 'Employee orientation', 'Git', 'Mid-level', '3 years', 'Java', 'Analysis skills', ""Bachelor's degree"", 'Distributed systems', 'Product management', 'Scrum', 'APIs', 'Linux', 'Distributed computing', 'SDLC']","$132,500 - $162,000 a year"
Kubernetes Engineer,"Evolve ESolutions LLC
New York, NY","['Kubernetes', 'Software deployment', 'PaaS', 'Mid-level', 'Cloud Native Design', 'Red Hat OpenShift', 'Azure Kubernetes Service (AKS)', '9 years']","Contract
$60 - $75 an hour
1 day ago"
Backend Engineer,"Spotify - 4.1
New York, NY","['Writing skills', 'Data structures', 'System design', 'Java', 'Distributed systems', 'APIs', 'Senior level', 'Under 1 year']","Permanent
$160,091 - $228,702 a year
2 days ago"
Java Software Engineer III,"JPMorganChase - 3.9
New York, NY","['Spring Boot', 'CI/CD', 'Cassandra', 'Software troubleshooting', 'React', 'RESTful API', 'DevOps', 'Business analysis', 'System design', '3 years', 'Java', 'Application development', 'Business development', 'AWS', 'Machine learning', 'Cloud development', 'Angular', 'GitHub', 'Agile', 'Kafka', 'Senior level', 'AI', 'Jenkins', 'Debugging', 'SDLC']","Full-time
$133,000 - $185,000 a year
2 days ago"
Backend Developer,"Benefit Funds Office - 4.0
New York, NY","['ASP.NET', 'Computer science', 'Computer Science', 'CSS', 'Software troubleshooting', 'Web development', 'C#', 'Microsoft SQL Server', 'Git', 'Mid-level', '.NET', ""Bachelor's degree"", 'SVN', 'JavaScript', 'Back-end development', 'COBOL', 'Software development', 'Agile', 'TFS', '2 years', 'Communication skills', 'HTML']","Full-time
From $75,000 a year
22 hours ago"
Lead Machine Learning Engineer,"iVisa.com
United States","['TensorFlow', 'CI/CD', 'PyTorch', 'Google Cloud Platform', '3 years', 'AWS', 'Machine learning', 'Senior level', 'AI', 'Machine learning frameworks', 'Leadership', 'Communication skills', 'Python', 'MLOps']","Full-time
$120,000 - $160,000 a year"
Digital Solutions Developer,"Hazen and Sawyer - 4.5
New York, NY","['ArcGIS', 'Computer science', 'Azure', 'Cloud architecture', 'Node.js', 'Computer Science', 'CSS', 'React', 'DevOps', 'C#', 'NoSQL', 'Mid-level', ""Master's degree"", 'SQL', ""Bachelor's degree"", 'JavaScript', 'Software development', 'Cloud computing', '1 year', 'Communication skills', 'Python', 'HTML']","$67,000 - $99,000 a year
2 days ago"
Software Engineer - DevOps,"Accrete - 3.0
New York, NY","['CI/CD', 'System administration', 'Azure', 'Management', 'Doctoral degree', 'Computer Science', 'Software Engineering', 'Kubernetes', 'Ansible', 'DevOps', 'UNIX', 'Mid-level', '3 years', 'Bash', 'AWS', 'Docker', 'Machine learning', 'Doctor of Philosophy', 'Terraform', 'Continuous integration', 'Scripting', 'Vulnerability management', 'IT', 'Construction', 'Linux', 'CircleCI', 'AI', 'Jenkins', 'GitLab', 'Python', 'Shell Scripting']","Full-time
$140,000 - $170,000 a year
2 days ago"
Media Platform Software Development Engineer,"Adobe - 4.3
New York, NY","['Computer science', 'Bachelor of Science', 'iOS', 'Mid-level', 'Windows', 'Java', 'Algorithms', 'C++', 'C', ""Bachelor's degree"", 'Machine learning', 'JavaScript', 'Distributed systems', 'Packaging', 'SDKs', 'Organizational skills', 'Data transformation', 'TypeScript', 'Communication skills', 'Design patterns']","Full-time
$76,000 - $152,200 a year
1 day ago"
Asset & Wealth Management- Associate- New York- Software Engineer,"Goldman Sachs - 3.9
New York, NY","['Node.js', 'CSS', 'React', 'Full-stack development', 'Relational databases', 'Data structures', 'NoSQL', 'MongoDB', 'Mid-level', 'Java', 'Algorithms', 'OOP', 'JavaScript', 'REST', 'Angular', 'Sybase', '2 years', 'HTML', 'SDLC', 'Design patterns']","Part-time | Full-time
$115,000 - $180,000 a year"
"Staff Software Engineer, Web Payments","Block, Inc. - 3.6
New York, NY","['React', 'Mid-level', 'AWS', 'JavaScript', 'SDKs', 'Mentoring', 'APIs', '1 year', 'Vue.js', 'TypeScript', 'Teaching']","Full-time
$185,200 - $326,800 a year
2 days ago"
Senior Software Engineer-Full Stack,"K. Hovnanian Homes - 3.4
New York, NY","['Full-stack development', '5 years', 'SQL', 'JavaScript', 'Product management', 'Organizational skills', 'Agile', 'Senior level', 'AI', 'Python', 'SDLC']","Full-time
$160,000 - $175,000 a year"
Cloud Engineer,"Intercontinental Exchange Holdings, Inc. - 3.3
New York, NY","['Cloud infrastructure', 'Azure', 'Full-stack development', 'Software deployment', 'DevOps', 'AWS Certification', 'Git', 'Google Cloud Platform', 'Mid-level', 'Bash', 'AWS', 'Docker', 'Terraform', 'Continuous integration', 'Splunk', 'Scripting', 'Agile', 'Linux', '2 years', 'Communication skills', 'Python', 'Shell Scripting']","Full-time
$118,500 - $159,700 a year
10 days ago"
"Software Engineer III, Gaming, AR","Google - 4.3
New York, NY","['Doctoral degree', 'Computer Science', 'Mid-level', 'Java', ""Master's degree"", 'C++', 'C', ""Bachelor's degree"", 'Doctor of Philosophy', 'JavaScript', 'Distributed systems', 'Natural language processing', 'Software development', '1 year', 'Distributed computing', 'AI', 'Python', 'Debugging']","Full-time
2 days ago"
Trading Java Developer,"Barclays - 3.9
New York, NY","['Jira', 'UNIX', 'Git', 'Test-driven development', 'Java', 'Confluence', 'Software development', 'Agile', 'Investment banking', 'Kafka', 'Unit testing', 'Senior level', 'Banking']","$135,000 - $180,000 a year"
Senior Engineer Backend (Java),"PayPal - 3.8
New York, NY","['Azure', 'Computer Science', 'NoSQL', 'Google Cloud Platform', '3 years', 'Java', 'Databases', 'SQL', 'Database design', 'AWS', ""Bachelor's degree"", 'Ruby on Rails', 'REST', 'Senior level', 'Python', 'Spring', 'Hibernate', 'Spring MVC']","Full-time
$72,700 - $176,000 a year
3 days ago"
Kubernetes Engineer,"QSS - 3.9
Manhattan, NY","['Kubernetes', 'Mid-level']","Full-time
Estimated: $106K - $122K a year
2 days ago"
"Software Engineer (JavaScript, Next.js, React)","Complex - 3.9
New York, NY","['Management', 'React', '5 years', 'Google Ad Manager', 'Google Tag Manager', 'JavaScript', 'SDKs', 'SEO', 'APIs', 'Front-end development', 'A/B testing', 'Martech', 'Senior level', 'Google Analytics', 'Debugging']","Full-time
$115,000 - $140,000 a year"
React Native Engineer,"Just Salad - 3.3
New York, NY","['React', 'iOS', 'Jest', 'Mid-level', 'E-commerce', '3 years', 'Project management', 'JavaScript', 'GitHub', 'Integration testing', 'React Native']","Full-time
$175,000 - $195,000 a year"
Software Engineer III (Core Java),"JPMorganChase - 3.9
New York, NY","['Management', 'React', 'Mid-level', '3 years', 'Java', 'SQL', 'PostgreSQL', 'Angular', 'Sybase', 'Web services', 'Kafka', 'Communication skills', 'Spring', 'Design patterns']","Full-time
$133,000 - $185,000 a year"
Front-end Angular Developer,"Intone Networks - 4.1
New York, NY","['Mid-level', 'Angular', '2 years']","Contract
Estimated: $108K - $134K a year"
"Associate, Java/Scala Developer","Morgan Stanley - 3.8
New York, NY","['CI/CD', 'Computer Science', 'RESTful API', '5 years', 'UNIX', 'Git', 'Java', 'SQL', ""Bachelor's degree"", 'Scala', 'Splunk', 'Computer Engineering', 'IT', 'Linux', 'Senior level', 'Jenkins', 'Python', 'Shell Scripting']","$158,000 a year"
Software Engineer III - C#/.Net - Neovest - New York,"JPMorganChase - 3.9
New York, NY","['CI/CD', 'Software troubleshooting', 'Trading', 'React', 'C#', 'English', 'UI design', '.NET', '3 years', 'SOAP', 'Redis', 'RabbitMQ', 'REST', 'Angular', 'Software development', 'Agile', 'Portfolio management', 'Kafka', 'Senior level', 'TypeScript', 'Debugging']","Full-time
$133,000 - $185,000 a year
10 days ago"
Software Engineer - Services Engineering,"Apple - 4.1
New York, NY","['CI/CD', 'Computer science', 'Kotlin', 'Computer Science', 'Data structures', 'iOS', 'Mid-level', 'Java', ""Master's degree"", 'Databases', 'Algorithms', ""Bachelor's degree"", 'Distributed systems', 'Agile', 'Kafka']","Full-time
$143,100 - $264,200 a year
1 day ago"
"Full-Stack Lead Engineer, 25madison","25madison - 5.0
New York, NY","['CI/CD', 'Cloud infrastructure', 'Rust', 'Go', 'Node.js', 'React', 'Full-stack development', '5 years', 'Google Cloud Platform', 'AWS', 'Back-end development', 'GitHub', 'Data science', 'Senior level', 'Leadership', 'TypeScript', 'Communication skills', 'Python']","Full-time
$170,000 - $210,000 a year
3 days ago"
Frontend Engineer,"Accrete - 3.0
New York, NY","['CI/CD', 'Azure', 'Management', 'Law', 'WebAssembly', 'CSS', 'VueX', 'Bootstrap', 'React', 'RESTful API', 'Git', 'Google Cloud Platform', 'Mid-level', 'Responsive web design', '3 years', 'AWS', 'Continuous improvement', 'JavaScript', 'Redux', 'APIs', 'GraphQL', 'Data visualization', 'Vue.js', 'AI', 'TypeScript', 'Debugging', 'HTML']","Full-time
$120,000 - $160,000 a year
2 days ago"
Backend Engineer III - Accounts Team,"Stash
New York, NY","['CI/CD', 'Go', 'Kubernetes', 'Mid-level', '3 years', 'AWS', 'Continuous improvement', 'PostgreSQL', 'Terraform', 'Software development', 'Kafka', 'Maven', 'Banking', 'Debugging']","$113,923 - $170,884 a year
1 day ago"
Machine Learning Engineer (Remote),"DataKind - 5.0
New York, NY","['Management', 'RESTful API', 'Data structures', 'Git', 'Google Cloud Platform', '3 years', 'Databases', 'Algorithms', 'SQL', 'Machine learning', 'PostgreSQL', 'Organizational skills', 'Software development', 'APIs', 'ETL', 'Cloud computing', 'Predictive analytics', 'Senior level', 'SaaS', 'Data warehouse', 'Python']","$106,000 - $120,000 a year
15 hours ago"
Front-End Developer- AI Trainer,"DataAnnotation - 3.9
New York, NY","['Kotlin', 'Go', 'CSS', 'React', 'Writing skills', 'C#', 'English', 'Mid-level', 'Java', 'SQL', 'C++', 'C', ""Bachelor's degree"", 'JavaScript', 'Swift', 'AI', 'Grammar Experience', 'TypeScript', 'Python', 'HTML']","Contract
From $40 an hour"
Front End Web Developer,"Manhattan Institute for Policy Research - 3.7
New York, NY","['CI/CD', 'Business intelligence', 'CSS', 'WordPress', 'Web development', '5 years', 'Writing skills', 'Tableau', 'AWS', 'JavaScript', 'Front-end development', 'Senior level', 'LAMP stack', 'Communication skills']","$90,000 - $115,000 a year
1 day ago"
Frontend Software Engineer III,"Sunbound - 3.0
New York, NY","['Computer science', 'React', 'Web development', 'Bachelor of Science', 'Writing skills', ""Master's degree"", 'Senior care', ""Bachelor's degree"", 'Redux', 'Software development', 'Senior level', '4 years', 'Figma', 'TypeScript', 'Communication skills']","Full-time
$130,000 - $160,000 a year
8 days ago"
Full-Stack Web Developer,"Manhattan Institute for Policy Research - 3.7
New York, NY","['Web design', 'CI/CD', 'Cloud infrastructure', 'Business intelligence', 'Data lake', 'WordPress', 'Web development', 'Full-stack development', '5 years', 'Writing skills', 'Tableau', 'Snowflake', 'AWS', 'APIs', 'Senior level', 'LAMP stack', 'Communication skills']","$150,000 - $200,000 a year
1 day ago"
DevOps Engineer (NYC),"US Mobile - 3.6
New York, NY","['CI/CD', 'Computer science', 'Cloud infrastructure', 'Management', 'Computer Science', 'Software Engineering', 'Kubernetes', 'DevOps', '5G', 'Git', 'Google Cloud Platform', 'Mid-level', 'Bash', 'Database administration', 'Docker', ""Bachelor's degree"", 'Terraform', 'Continuous integration', 'Scripting', 'Agile', 'CircleCI', 'Jenkins', 'GitLab', 'Communication skills', 'Python', 'PowerShell', 'Shell Scripting']","Full-time
$140,000 - $200,000 a year
14 days ago"
Frontend Engineer,"Tarro - 3.0
Long Island City, NY","['Rust', 'WebAssembly', 'CSS', 'React', 'Mid-level', 'Fundraising', 'S3', '2 years', 'Restaurant experience', 'TypeScript', 'HTML']","Full-time
$180,000 - $250,000 a year
14 days ago"
Python Desk Developer,"Barclays - 3.9
New York, NY","['Microsoft Excel', 'Trading', 'Senior level', 'Python', 'SDLC']","$174,350 - $192,000 a year"
"Software Engineer, Macro Middle Office Technology","Point72 - 4.2
New York, NY","['CI/CD', 'C#', 'Test-driven development', 'Mid-level', '.NET', '3 years', 'SQL', 'Analysis skills', 'Software development', 'Agile', 'Financial services', 'Communication skills', 'SDLC']","$200,000 - $250,000 a year
14 days ago"
Senior Full Stack Developer,"DEPARTMENT OF FINANCE - 4.0
Manhattan, NY","['Spring Boot', 'CI/CD', 'Azure', 'Computer Science', 'CSS', 'Software troubleshooting', 'React', 'RESTful API', 'Full-stack development', 'DevOps', 'AWS Certification', 'Technical support', 'Java', ""Master's degree"", 'High school diploma or GED', 'SQL', 'Database design', 'AWS', 'Quality assurance', 'Docker', ""Bachelor's degree"", 'JavaScript', 'Computer skills', 'Linux', '1 year', 'Senior level', 'Project leadership', 'Spring', 'jQuery', 'Debugging', 'HTML']","Full-time
$128,010 - $140,000 a year
2 days ago"
"Backend Engineer (Java), All Levels - NYC","Medal - 3.4
New York, NY","['CI/CD', 'Elasticsearch', 'Kotlin', 'Cloud infrastructure', 'Management', 'Node.js', 'Salt', 'React', 'Kubernetes', 'RESTful API', 'Relational databases', 'C#', 'iOS', 'Git', 'Test-driven development', 'Google Cloud Platform', 'Java', 'AWS', 'C++', 'Docker', 'PostgreSQL', 'Terraform', 'Redis', 'RabbitMQ', 'REST', 'Redux', 'Memcached', 'GitHub', 'CircleCI', 'Swift', 'Senior level', 'Chef', 'Project leadership', 'Leadership', 'Python', 'MySQL']","Full-time
$120,000 - $250,000 a year"
Lead Front-End Developer - E-Learning Group,"Longtail Education
New York, NY","['Svelte', 'Computer science', 'Computer Science', 'CSS', 'React', 'Bachelor of Science', 'Mid-level', 'Responsive web design', '3 years', ""Master's degree"", 'Analysis skills', ""Bachelor's degree"", 'JavaScript', 'Next.js', 'UI', 'Unit testing', 'TypeScript', 'Communication skills', 'HTML']","Full-time
$90,000 - $130,000 a year
1 day ago"
Software Engineer,"Point72 - 4.2
New York, NY","['CI/CD', '6 years', 'Computer Science', 'Software troubleshooting', 'Full-stack development', 'DevOps', '.NET', ""Master's degree"", ""Bachelor's degree"", 'Data science', 'Senior level', 'Communication skills', 'Python']","$125,000 - $175,000 a year"
Lead Software Engineer - C#/.Net - Neovest -New York,"JPMorganChase - 3.9
New York, NY","['CI/CD', 'Software troubleshooting', 'Trading', '5 years', 'C#', 'System design', 'English', 'UI design', '.NET', 'Application development', 'SOAP', 'Machine learning', 'Redis', 'RabbitMQ', 'REST', 'Software development', 'Agile', 'IT', 'Portfolio management', 'Kafka', 'Senior level', 'AI']","Full-time
$152,000 - $215,000 a year
10 days ago"
Scientific Python Developer,"Schrödinger - 3.0
New York, NY","['Biology', 'Doctoral degree', 'Writing skills', 'Mid-level', ""Master's degree"", 'Doctor of Chemistry', 'OOP', 'Doctor of Philosophy', 'Software development', 'Chemistry', 'Python']","Full-time
$120,000 - $160,000 a year
9 days ago"
Analyst/Report Developer,"Hospital for Special Surgery - 4.2
New York, NY","['Mid-level', 'SQL', 'Analysis skills', ""Bachelor's degree"", 'Epic Certification', '2 years']","Full-time
$79,500 - $121,125 a year"
"Senior Software Engineer, 1","Dotdash Meredith - 3.1
New York, NY","['Jira', 'Node.js', 'Computer Science', 'CSS', 'React', 'Web development', 'Full-stack development', '5 years', 'Git', ""Bachelor's degree"", 'JavaScript', 'SCSS', 'ECMAScript', 'REST', 'Computer Engineering', 'Angular', 'APIs', 'Vue.js', 'Senior level', 'TypeScript', 'HTML', 'SDLC', 'Information Technology']","Full-time
$145,000 - $160,000 a year"
"Software Engineer, New York","Talos Global
New York, NY","['Computer science', 'Go', 'Computer Science', 'Bachelor of Science', 'C#', 'Mid-level', '3 years', 'Java', ""Master's degree"", 'C++', ""Bachelor's degree"", 'Master of Science', 'Python']","Full-time
$140,000 - $200,000 a year"
"Front End Engineer II - CreativeX, CreativeX - Creative Building","Amazon.com Services LLC - 3.5
New York, NY","['Computer science', 'Node.js', 'CSS', 'Data structures', 'Mid-level', 'ROI', 'OOP', 'Analysis skills', 'JavaScript', 'Angular', 'Software development', 'Agile', '1 year', 'TypeScript', 'HTML']","Full-time
$129,300 - $223,600 a year"
Staff Software Engineer [Frontend] - Square Web Banking,"Block, Inc. - 3.6
New York, NY","['React', 'Web development', '11+ years', 'Ember.js', 'SASS', 'Mentoring', 'Senior level', 'TypeScript']","Full-time
$263,600 - $395,400 a year"
Software Development Engineer in Test,"Adobe - 4.3
New York, NY","['Elixir', 'CI/CD', 'Computer science', 'React', 'Full-stack development', '5 years', 'Test automation', 'JavaScript', 'Back-end development', 'GitHub', 'GraphQL', 'Playwright', 'Senior level', 'TypeScript', 'Communication skills']","Full-time
$133,900 - $242,000 a year
10 days ago"
Software Developer - AI Trainer,"DataAnnotation - 3.9
New York, NY","['Kotlin', 'Go', 'CSS', 'React', 'Writing skills', 'C#', 'English', 'Mid-level', 'Java', 'SQL', 'C++', 'C', ""Bachelor's degree"", 'JavaScript', 'Swift', 'AI', 'Grammar Experience', 'TypeScript', 'Python', 'HTML']","Contract
From $40 an hour"
"Specialist, Developer (Digital Personalization)","Macy’s - 3.6
New York, NY","['Web analytics', 'Management', 'CSS', 'Mid-level', ""Bachelor's degree"", 'JavaScript', 'APIs', 'Purchasing', 'IT', 'A/B testing', 'Data collection', 'Business requirements', 'Communication skills', 'Adobe Analytics', 'Multichannel marketing', 'HTML', 'Adobe Target', 'Stakeholder management']","$77,160 - $128,640 a year"
Senior Software Engineer - Scala,"Disney Entertainment & ESPN Technology - 3.4
New York, NY","['CI/CD', 'Computer science', 'Computer Science', 'Kubernetes', '5 years', 'Writing skills', 'Spark', 'System architecture', 'Java', 'Functional testing', 'AWS', ""Bachelor's degree"", 'Scala', 'Terraform', 'Software development', 'APIs', 'S3', 'Integration testing', 'Apache', 'DynamoDB', 'Senior level', 'Jenkins', 'Python', 'Design patterns']","$138,900 - $203,900 a year
2 days ago"
Sr Software Engineer,"Disney Entertainment & ESPN Technology - 3.4
New York, NY","['Computer Science', 'System architecture', 'NoSQL', 'Information Systems', 'AWS', ""Bachelor's degree"", 'Distributed systems', 'Scala', 'Sports', 'S3', 'DynamoDB', 'Senior level']","$138,900 - $203,900 a year
1 day ago"
Principal Performance Engineer (Trading),"Fidelity Investments - 4.0
Jersey City, NJ","['Computer science', 'Ethereum', 'Oracle', 'Computer Science', 'Relational databases', 'Cucumber', 'Test automation', 'Employment & labor law', 'Selenium', 'Performance testing', 'Java', 'Databases', 'SQL', 'AWS', ""Bachelor's degree"", 'Splunk', 'Scripting', 'Scrum', 'Agile', 'IT', 'S3', 'Senior level', 'Cryptocurrency', 'Mechanical knowledge', 'Python', 'Shell Scripting', '10 years']","$85,000 - $179,000 a year"
Software Engineer - Payments,"Brigit
New York, NY","['Kubernetes', 'Google Cloud Platform', 'Mid-level', '3 years', 'Java', 'SQL', 'Docker', 'Ruby on Rails', 'PostgreSQL', 'REST', 'ACH', 'APIs', 'User flows']","Full-time
$135,000 - $180,000 a year"
Software Test Engineer,"CBOE - 3.5
New York, NY","['Computer Science', 'Trading', 'System architecture', 'Test automation', 'Git', 'Mid-level', 'Windows', 'E-commerce', 'Java', 'SQL', 'AWS', 'C++', ""Bachelor's degree"", 'PostgreSQL', 'Computer Engineering', 'Organizational skills', 'Software development', 'IT', 'Linux', '1 year', 'Jenkins', 'Communication skills', 'Python', 'HTML', 'Information Technology']","Full-time
$93,500 - $115,500 a year
2 days ago"
Software Engineer (Python/C++),"Virtu Financial - 3.3
New York, NY","['UNIX', 'Mid-level', 'Java', 'C++', 'Linux', 'Communication skills', 'Python']","$175,000 - $225,000 a year"
Software Engineer in Test,"MetTel - 2.6
New York, NY","['Jira', 'CI/CD', 'ISTQB Certification', 'React', 'Kubernetes', '5 years', 'C#', 'Git', 'Information Systems', 'Performance testing', '.NET', 'Java', 'Functional testing', 'SQL', 'OOP', 'Analysis skills', 'Software quality assurance', ""Bachelor's degree"", 'Release management', 'JavaScript', 'Continuous integration', 'Back-end development', 'Angular', 'Django', 'Software development', 'APIs', 'Agile', 'Test cases', 'Senior level', 'Leadership', 'Jenkins', 'Communication skills', 'Python', 'Spring', 'SDLC']","$90,000 - $120,000 a year"
"Software Engineer, Video Processing","Captions - 4.0
New York, NY","['Rust', 'Mid-level', 'C++', 'Scalability', 'AI', 'Python']","Full-time
$170,000 - $230,000 a year
10 days ago"
Full-Stack Founding Software Engineer,"Brooklyn Navy Yard Development Corporation - 4.5
Brooklyn, NY","['Cloud infrastructure', 'Bootstrap', 'React', 'Full-stack development', 'System design', 'English', 'Google Cloud Platform', 'SQL', 'PostgreSQL', 'Django', 'Software development', 'Senior level', 'TypeScript', 'Communication skills', 'Python']","Part-time | Full-time
$140,000 a year"
Full-stack Software Engineer,"Scout AI
New York, NY","['CI/CD', 'Cloud infrastructure', 'Node.js', 'Computer Science', 'React', 'Kubernetes', 'RESTful API', 'Full-stack development', 'Load balancing', 'DevOps', 'System design', 'NoSQL', 'Google Cloud Platform', 'MongoDB', 'Mid-level', 'UI design', ""Master's degree"", 'Databases', 'AWS', 'Docker', ""Bachelor's degree"", 'Continuous improvement', 'JavaScript', 'PostgreSQL', 'Back-end development', 'UX', 'GitHub', 'APIs', 'Interviewing', 'GraphQL', 'SaaS', 'Electrical Engineering', 'AI', 'Figma', 'TypeScript', 'Python', 'Debugging', 'Under 1 year', 'MySQL']","Full-time
$140,000 - $160,000 a year
7 days ago"
Software Engineer,"Ramp Financial
New York, NY","['React', 'Mid-level', 'JavaScript', 'Purchasing', 'TypeScript']","Full-time
$155,000 - $213,200 a year"
AI Full-Stack Developer,"Edelman - 3.7
New York, NY","['Live chat', 'CI/CD', 'Elasticsearch', 'Azure', 'CSS', 'React', 'Full-stack development', 'Software deployment', 'DevOps', 'Mid-level', '3 years', 'Snowflake', 'Databases', 'AWS', 'Continuous improvement', 'JavaScript', 'Back-end development', 'UX', 'GitHub', 'APIs', 'UI', 'AI', 'TypeScript', 'Communication skills', 'Python']","Full-time
$79,000 - $118,000 a year"
C++ Developer,"Blue Peak Group LLC
New York, NY","['7 years', 'Object-oriented modeling', 'Computer Science', 'Trading', 'Mid-level', 'Finance', ""Master's degree"", 'Algorithms', 'OOP', 'Analysis skills', 'C++', ""Bachelor's degree"", 'Software development', 'Multithreading', 'Communication skills', 'Design patterns']","Contract
$80 - $82 an hour"
Engineer (React.js & JavaScript),"Cenzen Media
New York, NY","['CI/CD', 'CSS', 'React', 'RESTful API', 'Software deployment', 'Git', 'Mid-level', 'UI design', 'JavaScript', 'SCSS', 'ECMAScript', 'Adobe XD', 'Redux', 'SEO', 'UX', 'APIs', 'Agile', 'Front-end development', 'GraphQL', 'Figma', '2 years', 'TypeScript', 'HTML']","$30 - $50 an hour
3 days ago"
JavaScript & Angular Developer,"Cenzen Media
New York, NY","['CI/CD', 'AJAX', 'CSS', 'RESTful API', 'Software deployment', 'DevOps', 'Git', 'Mid-level', 'Responsive web design', 'JavaScript', 'SASS', 'Angular', 'UX', 'Agile', 'Front-end development', 'Less', 'UI', 'JSON', '2 years', 'TypeScript', 'HTML']","$30 - $60 an hour
3 days ago"
Senior Software Engineer,"Dow Jones - 3.9
New York, NY","['Computer science', 'Node.js', 'CSS', 'React', 'Full-stack development', 'Software deployment', 'Test-driven development', 'Mid-level', 'AWS', 'Express.js', 'Docker', 'JavaScript', 'Terraform', 'Redis', '2 years', 'Communication skills', 'HTML']","$110,000 - $140,000 a year
3 days ago"
"Machine Learning, Software Engineer","PermitFlow
New York, NY","['Scikit-learn', 'TensorFlow', 'Elasticsearch', 'Bluebeam', 'Azure', 'Law', 'PyTorch', 'Software deployment', 'Google Cloud Platform', 'Mid-level', '3 years', 'AWS', 'Machine learning', 'Model deployment', 'Natural language processing', 'Machine learning libraries', 'AI', 'Python', 'ProCore']","Full-time
$190,000 - $215,000 a year
2 days ago"
"iOS Engineer, All Levels - NYC","Medal - 3.4
New York, NY","['iOS development', 'RESTful API', 'iOS', 'Objective-C', 'Mid-level', 'Application development', 'Continuous integration', 'REST', 'GitHub', 'Mac OS', 'Swift', 'Figma']","Full-time
$120,000 - $220,000 a year"
Software Developer - AI Trainer,"DataAnnotation - 3.9
New York, NY","['Kotlin', 'Go', 'CSS', 'React', 'Writing skills', 'C#', 'English', 'Mid-level', 'Java', 'SQL', 'C++', 'C', ""Bachelor's degree"", 'JavaScript', 'Swift', 'AI', 'Grammar Experience', 'TypeScript', 'Python', 'HTML']","Contract
From $40 an hour"
"Specialist, Developer (Digital Personalization)","Macy’s - 3.6
New York, NY","['Web analytics', 'Management', 'CSS', 'Mid-level', ""Bachelor's degree"", 'JavaScript', 'APIs', 'Purchasing', 'IT', 'A/B testing', 'Data collection', 'Business requirements', 'Communication skills', 'Adobe Analytics', 'Multichannel marketing', 'HTML', 'Adobe Target', 'Stakeholder management']","$77,160 - $128,640 a year"
Senior Software Engineer - Scala,"Disney Entertainment & ESPN Technology - 3.4
New York, NY","['CI/CD', 'Computer science', 'Computer Science', 'Kubernetes', '5 years', 'Writing skills', 'Spark', 'System architecture', 'Java', 'Functional testing', 'AWS', ""Bachelor's degree"", 'Scala', 'Terraform', 'Software development', 'APIs', 'S3', 'Integration testing', 'Apache', 'DynamoDB', 'Senior level', 'Jenkins', 'Python', 'Design patterns']","$138,900 - $203,900 a year
2 days ago"
Sr Software Engineer,"Disney Entertainment & ESPN Technology - 3.4
New York, NY","['Computer Science', 'System architecture', 'NoSQL', 'Information Systems', 'AWS', ""Bachelor's degree"", 'Distributed systems', 'Scala', 'Sports', 'S3', 'DynamoDB', 'Senior level']","$138,900 - $203,900 a year
1 day ago"
Principal Performance Engineer (Trading),"Fidelity Investments - 4.0
Jersey City, NJ","['Computer science', 'Ethereum', 'Oracle', 'Computer Science', 'Relational databases', 'Cucumber', 'Test automation', 'Employment & labor law', 'Selenium', 'Performance testing', 'Java', 'Databases', 'SQL', 'AWS', ""Bachelor's degree"", 'Splunk', 'Scripting', 'Scrum', 'Agile', 'IT', 'S3', 'Senior level', 'Cryptocurrency', 'Mechanical knowledge', 'Python', 'Shell Scripting', '10 years']","$85,000 - $179,000 a year"
Software Engineer - Payments,"Brigit
New York, NY","['Kubernetes', 'Google Cloud Platform', 'Mid-level', '3 years', 'Java', 'SQL', 'Docker', 'Ruby on Rails', 'PostgreSQL', 'REST', 'ACH', 'APIs', 'User flows']","Full-time
$135,000 - $180,000 a year"
Software Test Engineer,"CBOE - 3.5
New York, NY","['Computer Science', 'Trading', 'System architecture', 'Test automation', 'Git', 'Mid-level', 'Windows', 'E-commerce', 'Java', 'SQL', 'AWS', 'C++', ""Bachelor's degree"", 'PostgreSQL', 'Computer Engineering', 'Organizational skills', 'Software development', 'IT', 'Linux', '1 year', 'Jenkins', 'Communication skills', 'Python', 'HTML', 'Information Technology']","Full-time
$93,500 - $115,500 a year
2 days ago"
Software Engineer (Python/C++),"Virtu Financial - 3.3
New York, NY","['UNIX', 'Mid-level', 'Java', 'C++', 'Linux', 'Communication skills', 'Python']","$175,000 - $225,000 a year"
Software Engineer in Test,"MetTel - 2.6
New York, NY","['Jira', 'CI/CD', 'ISTQB Certification', 'React', 'Kubernetes', '5 years', 'C#', 'Git', 'Information Systems', 'Performance testing', '.NET', 'Java', 'Functional testing', 'SQL', 'OOP', 'Analysis skills', 'Software quality assurance', ""Bachelor's degree"", 'Release management', 'JavaScript', 'Continuous integration', 'Back-end development', 'Angular', 'Django', 'Software development', 'APIs', 'Agile', 'Test cases', 'Senior level', 'Leadership', 'Jenkins', 'Communication skills', 'Python', 'Spring', 'SDLC']","$90,000 - $120,000 a year"
"Software Engineer, Video Processing","Captions - 4.0
New York, NY","['Rust', 'Mid-level', 'C++', 'Scalability', 'AI', 'Python']","Full-time
$170,000 - $230,000 a year
10 days ago"
Full-Stack Founding Software Engineer,"Brooklyn Navy Yard Development Corporation - 4.5
Brooklyn, NY","['Cloud infrastructure', 'Bootstrap', 'React', 'Full-stack development', 'System design', 'English', 'Google Cloud Platform', 'SQL', 'PostgreSQL', 'Django', 'Software development', 'Senior level', 'TypeScript', 'Communication skills', 'Python']","Part-time | Full-time
$140,000 a year"
Full-stack Software Engineer,"Scout AI
New York, NY","['CI/CD', 'Cloud infrastructure', 'Node.js', 'Computer Science', 'React', 'Kubernetes', 'RESTful API', 'Full-stack development', 'Load balancing', 'DevOps', 'System design', 'NoSQL', 'Google Cloud Platform', 'MongoDB', 'Mid-level', 'UI design', ""Master's degree"", 'Databases', 'AWS', 'Docker', ""Bachelor's degree"", 'Continuous improvement', 'JavaScript', 'PostgreSQL', 'Back-end development', 'UX', 'GitHub', 'APIs', 'Interviewing', 'GraphQL', 'SaaS', 'Electrical Engineering', 'AI', 'Figma', 'TypeScript', 'Python', 'Debugging', 'Under 1 year', 'MySQL']","Full-time
$140,000 - $160,000 a year
7 days ago"
Software Engineer,"Ramp Financial
New York, NY","['React', 'Mid-level', 'JavaScript', 'Purchasing', 'TypeScript']","Full-time
$155,000 - $213,200 a year"
AI Full-Stack Developer,"Edelman - 3.7
New York, NY","['Live chat', 'CI/CD', 'Elasticsearch', 'Azure', 'CSS', 'React', 'Full-stack development', 'Software deployment', 'DevOps', 'Mid-level', '3 years', 'Snowflake', 'Databases', 'AWS', 'Continuous improvement', 'JavaScript', 'Back-end development', 'UX', 'GitHub', 'APIs', 'UI', 'AI', 'TypeScript', 'Communication skills', 'Python']","Full-time
$79,000 - $118,000 a year"
C++ Developer,"Blue Peak Group LLC
New York, NY","['7 years', 'Object-oriented modeling', 'Computer Science', 'Trading', 'Mid-level', 'Finance', ""Master's degree"", 'Algorithms', 'OOP', 'Analysis skills', 'C++', ""Bachelor's degree"", 'Software development', 'Multithreading', 'Communication skills', 'Design patterns']","Contract
$80 - $82 an hour"
Engineer (React.js & JavaScript),"Cenzen Media
New York, NY","['CI/CD', 'CSS', 'React', 'RESTful API', 'Software deployment', 'Git', 'Mid-level', 'UI design', 'JavaScript', 'SCSS', 'ECMAScript', 'Adobe XD', 'Redux', 'SEO', 'UX', 'APIs', 'Agile', 'Front-end development', 'GraphQL', 'Figma', '2 years', 'TypeScript', 'HTML']","$30 - $50 an hour
3 days ago"
JavaScript & Angular Developer,"Cenzen Media
New York, NY","['CI/CD', 'AJAX', 'CSS', 'RESTful API', 'Software deployment', 'DevOps', 'Git', 'Mid-level', 'Responsive web design', 'JavaScript', 'SASS', 'Angular', 'UX', 'Agile', 'Front-end development', 'Less', 'UI', 'JSON', '2 years', 'TypeScript', 'HTML']","$30 - $60 an hour
3 days ago"
Senior Software Engineer,"Dow Jones - 3.9
New York, NY","['Computer science', 'Node.js', 'CSS', 'React', 'Full-stack development', 'Software deployment', 'Test-driven development', 'Mid-level', 'AWS', 'Express.js', 'Docker', 'JavaScript', 'Terraform', 'Redis', '2 years', 'Communication skills', 'HTML']","$110,000 - $140,000 a year
3 days ago"
"Machine Learning, Software Engineer","PermitFlow
New York, NY","['Scikit-learn', 'TensorFlow', 'Elasticsearch', 'Bluebeam', 'Azure', 'Law', 'PyTorch', 'Software deployment', 'Google Cloud Platform', 'Mid-level', '3 years', 'AWS', 'Machine learning', 'Model deployment', 'Natural language processing', 'Machine learning libraries', 'AI', 'Python', 'ProCore']","Full-time
$190,000 - $215,000 a year
2 days ago"
"iOS Engineer, All Levels - NYC","Medal - 3.4
New York, NY","['iOS development', 'RESTful API', 'iOS', 'Objective-C', 'Mid-level', 'Application development', 'Continuous integration', 'REST', 'GitHub', 'Mac OS', 'Swift', 'Figma']","Full-time
$120,000 - $220,000 a year"
Platform Developer,"City National Bank - 3.6
New York, NY","['CI/CD', 'MCSA', 'Salesforce Certification', 'MCSE', 'Salesforce', 'Information Systems', 'Mid-level', ""Master's degree"", ""Bachelor's degree"", 'MTA', 'Systems engineering', 'Organizational skills', 'Software development', 'Agile', 'Financial services', 'Epic Certification', 'Unit testing', '4 years', 'Communication skills', 'Time management', 'SDLC']","$87,027 - $138,965 a year
10 days ago"
"Sr. Software Engineer, Front-End","Disney Entertainment & ESPN Technology - 3.4
New York, NY","['Node.js', 'Computer Science', 'CSS', 'React', 'Web development', '5 years', 'Information Systems', 'AWS', ""Bachelor's degree"", 'JavaScript', 'SASS', 'S3', 'Less', 'Senior level', 'Communication skills']","$142,516 - $191,180 a year
11 days ago"
"Front-End Engineer (React+Electron), All Levels - NYC","Medal - 3.4
New York, NY","['CI/CD', 'Kotlin', 'Node.js', 'Salt', 'React', 'Kubernetes', 'C#', 'iOS', 'Mid-level', 'Java', 'C++', 'JavaScript', 'Terraform', 'Redis', 'RabbitMQ', 'Redux', 'GitHub', 'CircleCI', 'Swift']","Full-time
$120,000 - $250,000 a year"
Sr. Software Engineer II - Frontend,"DoubleVerify - 3.4
New York, NY","['Management', 'CSS', 'React', 'D3.js', '5 years', 'JavaScript', 'Django', 'UX', 'Organizational skills', 'APIs', 'Data visualization', 'Senior level', 'Communication skills']","$102,000 - $202,000 a year
1 day ago"
"Sr. Software Engineer, Frontend","Peloton - 3.2
New York, NY","['Web accessibility', 'Growing experience', '6 years', 'CSS', 'React', 'Web development', 'Responsive web design', 'E-commerce', 'JavaScript', 'UX', 'Agile', 'A/B testing', 'Unit testing', 'Vue.js', 'Senior level', 'TypeScript', 'Analytics', 'Mobile design']","$173,478 - $234,196 a year
2 days ago"
iOS Software Engineer,"Suno - 4.2
New York, NY","['iOS development', 'RESTful API', 'iOS', 'Mid-level', '3 years', 'Computer networking', 'Swift', 'Communication skills']","Full-time
$130,000 - $180,000 a year"
Senior Software Engineer,"ThriveFantasy
New York, NY","['CI/CD', 'Cloud infrastructure', 'Management', 'Node.js', 'Full-stack development', 'Relational databases', 'Software deployment', 'Mid-level', '3 years', 'Databases', 'Terraform', 'GitHub', ""Associate's degree"", 'React Native', 'MySQL']","Full-time
$130,000 - $160,000 a year
11 days ago"
Full Stack Engineer,"Trepp - 4.0
New York, NY","['Computer science', 'Node.js', 'Computer Science', 'React', 'Full-stack development', 'DevOps', 'Mid-level', '3 years', 'Docker', ""Bachelor's degree"", 'JavaScript', 'GitHub', 'APIs', 'AI', 'TypeScript']","From $125,000 a year
5 days ago"
iOS Engineer,"Stash
New York, NY","['Computer science', 'Computer Science', 'iOS development', 'Test-driven development', 'Mid-level', ""Master's degree"", ""Bachelor's degree"", 'Swift', 'Maven', '2 years']","Temp-to-hire | Full-time
$68 an hour
2 days ago"
Sr. Full Stack Engineer,"Adobe - 4.3
New York, NY","['Elixir', 'Node.js', 'WebAssembly', 'React', 'Data structures', 'Docker', 'Product development', 'Terraform', 'REST', 'Redux', 'Software development', 'APIs', 'Unit testing', 'GraphQL', 'Senior level']","Full-time
$153,600 - $286,600 a year
3 days ago"
"Front End Engineer, Amazon Advertising","Amazon.com Services LLC - 3.5
New York, NY","['Computer science', 'Node.js', 'CSS', 'Software troubleshooting', 'Data structures', 'Mid-level', 'OOP', 'Analysis skills', 'JavaScript', 'Angular', 'Software development', 'Agile', '1 year', 'TypeScript', 'HTML']","Full-time
$129,300 - $223,600 a year"
C++ Developer,"GFT Technologies SE - 4.2
New York, NY","['CI/CD', 'Computer science', '7 years', 'Management', 'Computer Science', 'Trading', 'Kubernetes', 'Test automation', 'C++', 'Docker', ""Bachelor's degree"", 'Computer networking', 'Agile', 'Financial services', 'Test cases', 'Integration testing', 'Unit testing', 'Senior level', 'Multithreading', 'Communication skills', 'Banking']","Contract
$900 a day
20 hours ago"
Machine Learning Engineer,"PayPal - 3.8
New York, NY","['TensorFlow', 'Doctoral degree', 'PyTorch', 'Customer service', 'Big data', 'English', 'Mid-level', ""Master's degree"", 'SQL', 'Machine learning', 'Doctor of Philosophy', 'AI', 'Machine learning frameworks', 'Leadership', '2 years', 'Python', 'Hadoop']","Full-time
$84,500 - $204,600 a year"
Software Engineer,"Sixth Street - 5.0
New York, NY","['Jira', 'CI/CD', 'Computer science', 'Computer Science', 'UNIX', 'NoSQL', 'Mid-level', 'Snowflake', 'AWS', 'Project management', 'Docker', 'PostgreSQL', 'Software development', 'GitHub', '2 years', 'Communication skills', 'Python', 'Shell Scripting']","Permanent | Full-time
$110,000 - $150,000 a year"
Full Stack Engineer – Platform Engineering,"Guidepoint - 3.2
New York, NY","['Performance tuning', 'React', 'Mid-level', 'Tableau', 'Snowflake', 'SQL', 'Database design', 'AWS', 'JavaScript', 'Scripting', 'Software development', 'Agile', 'S3', 'Vue.js', '4 years', 'Leadership', 'Communication skills', 'Data warehouse', 'Python']","$115,000 - $140,000 a year"
"Software Engineer II, Commerce","Fox Corporation - 3.9
New York, NY","['Rust', 'Go', 'Mid-level', 'E-commerce', 'AWS', 'Contracts', 'APIs']","Full-time
$95,000 - $144,000 a year
3 days ago"
"Software Engineer II, DevOps","ACLU - 4.2
New York, NY","['CI/CD', 'Cloud infrastructure', 'Azure', 'Node.js', 'React', 'DevOps', 'Content management systems', 'Google Cloud Platform', 'Mid-level', 'AWS', 'Docker', 'JavaScript', 'PostgreSQL', 'Terraform', 'SASS', 'Angular', 'Vulnerability management', 'Redshift', 'Vue.js', 'Flask', 'Python']","Full-time
$132,566 a year"
"Machine Learning Engineer II, Personalization","Spotify - 4.1
New York, NY","['Scikit-learn', 'TensorFlow', 'Law', 'PyTorch', 'Mid-level', 'Java', 'Machine learning', 'Scala', 'AI', 'Python', 'Under 1 year']","Permanent
$138,250 - $197,500 a year"
Associate Software Engineer - Goldman Sachs Electronic Trading (GSET) - NYC - GBM Public,"Goldman Sachs - 3.9
New York, NY","['Computer science', 'Sourcing', 'Computer Science', 'Order management system', 'Data structures', 'Mid-level', 'Java', 'Algorithms', 'C++', ""Bachelor's degree"", 'HR sourcing', 'Linux', '2 years', 'Communication skills']","Part-time | Full-time
$115,000 - $180,000 a year"
Software Development Engineer,"Amazon.com Services LLC - 3.5
New York, NY","['Computer science', 'Computer Science', 'Mid-level', '3 years', 'AWS', ""Bachelor's degree"", 'SDLC', 'Design patterns']","Full-time
$129,300 - $223,600 a year
8 days ago"
Software Developer - AI Trainer,"DataAnnotation - 3.9
New York, NY","['Kotlin', 'Go', 'CSS', 'React', 'Writing skills', 'C#', 'English', 'Mid-level', 'Java', 'SQL', 'C++', 'C', ""Bachelor's degree"", 'JavaScript', 'Swift', 'AI', 'Grammar Experience', 'TypeScript', 'Python', 'HTML']","Contract
From $40 an hour"
SharePoint Application Developer,"BRC
New York, NY","['Computer science', 'Computer Science', 'CSS', 'Web development', 'DocuSign', '5 years', 'Microsoft Office', 'SQL', ""Bachelor's degree"", 'JavaScript', 'SharePoint', 'Agile', 'Metadata', 'Senior level', 'jQuery', 'HTML']","Temporary | Full-time
$55 - $65 an hour"
Software Engineer - Asset Servicing - Associate - NYC - GBM Public,"Goldman Sachs - 3.9
New York, NY","['Software troubleshooting', 'React', 'C#', 'NoSQL', 'MongoDB', 'Mid-level', 'Java', 'Databases', 'SQL', 'Analysis skills', 'C++', 'Machine learning', 'JavaScript', 'Scala', 'Redux', '2 years', 'Communication skills', 'Python']","Part-time | Full-time
$115,000 - $180,000 a year"
Java + Angular Developer,"Sureminds Solutions Pvt. Ltd.
New York, NY","['Spring Boot', 'CI/CD', 'Computer science', 'Azure', 'Computer Science', 'JUnit', 'Trading', 'Kubernetes', 'RESTful API', 'Full-stack development', 'NoSQL', 'Git', 'MongoDB', 'Mid-level', 'Responsive web design', 'Java', 'Databases', '8 years', 'Microservices', 'SQL', 'AWS', 'Docker', ""Bachelor's degree"", 'PostgreSQL', 'Wireframing', 'Angular', 'Scrum', 'APIs', 'Agile', 'Front-end development', 'Financial services', 'JSON', 'Kafka', 'Unit testing', '9 years', '4 years', 'Communication skills', 'Spring', 'MySQL', '10 years']","Full-time
$50 - $63 an hour
3 days ago"
"Software Engineer, Services","Canoe Intelligence - 5.0
New York, NY","['Computer science', 'Computer Science', 'RESTful API', '5 years', ""Master's degree"", 'Microservices', 'AWS', 'Docker', ""Bachelor's degree"", 'PostgreSQL', 'REST', 'APIs', 'Kafka', 'Senior level', 'TypeScript', 'Python']","$130,000 - $165,000 a year"
Python and C# developer,"AllocateRite, LLC - 5.0
New York, NY","['Law', 'Doctoral degree', 'Web development', 'C#', 'Mathematics', 'SQL', 'Analysis skills', 'Machine learning', 'Doctor of Philosophy', 'Physics', 'UX', 'Senior level', 'Pair programming', 'Communication skills', 'Python']","Full-time
$125,000 - $150,000 a year"
Junior AI & Search Solutions Developer,"Skadden, Arps, Slate, Meagher & Flom LLP & Affiliates - 4.0
New York, NY","['Computer science', 'Computer Science', 'CSS', 'Software Engineering', 'React', 'Relational databases', 'Git', 'Research', 'Windows', '.NET', 'Prompt engineering', 'Analysis skills', ""Bachelor's degree"", 'Machine learning', 'Angular', 'UX', 'Organizational skills', 'Software development', 'GitHub', 'SSH', 'Linux', '1 year', 'Machine learning libraries', 'AI', 'TypeScript', 'Communication skills', 'Python', 'Entry level']","Full-time
$80,000 - $90,000 a year
8 days ago"
Full Stack Developer,"TargetPath Solutions
Manhattan, NY","['CSS', 'Software troubleshooting', 'Full-stack development', 'Mid-level', 'Java', 'Application development', 'SQL', 'RBAC', 'SVN', 'Ruby on Rails', 'JavaScript', 'Back-end development', 'APIs', 'Agile', 'HTML', 'Under 1 year']","Full-time
$75,000 - $90,000 a year
3 days ago"
C# Developer,"INFOTRON - 4.0
New York, NY","['Management', 'Computer Science', '5 years', 'C#', 'Git', '.NET', 'SOAP', 'SQL', 'OOP', ""Bachelor's degree"", 'SVN', 'REST', 'IT', 'Financial services', 'Senior level', 'Information Technology']","Full-time
$110,000 a year"
Full-Stack Software Engineer,"Tennr
New York, NY","['AI models', 'Full-stack development', 'Mid-level', '3 years', 'Machine learning', 'JavaScript', 'AI', 'TypeScript', 'Communication skills']","Full-time
$180,000 - $240,000 a year"
"Software Engineer, Identity and Access Management","MongoDB - 3.6
New York, NY","['Go', 'React', 'Full-stack development', 'C#', 'MongoDB', 'Mid-level', 'Java', 'AWS', 'C++', 'JavaScript', 'Redux', 'AI', '2 years', 'TypeScript', 'Communication skills', 'Identity & access management']","$101,000 - $198,000 a year"
Lead Software Engineer - DevOps,"Williams-Sonoma, Inc. - 3.4
Brooklyn, NY","['CI/CD', 'Computer science', 'Node.js', 'Computer Science', 'Kubernetes', 'DevOps', 'Git', 'Java', '8 years', 'Docker', ""Bachelor's degree"", 'SRE', 'GitHub', 'Senior level', 'Maven', 'Groovy', 'Jenkins', 'Communication skills', 'Python', 'Shell Scripting', 'SDLC']","$135,000 - $165,000 a year"
"Software Engineer 3, Pro Health","The Farmer's Dog - 3.5
New York, NY","['CI/CD', 'Data modeling', 'Node.js', 'Customer retention', 'React', 'Mid-level', 'Analysis skills', 'JavaScript', 'Mentoring', 'Angular', 'Software development', 'Budgeting', 'Vue.js', 'TypeScript', 'Communication skills']","$155,000 - $175,000 a year
1 day ago"
Senior Front-End Engineer,"Mastercard - 4.0
New York, NY","['CI/CD', 'Cloud infrastructure', 'Node.js', 'React', 'DevOps', 'Data structures', 'NoSQL', 'PaaS', 'Test-driven development', 'Information security', 'BDD', 'JavaScript', 'Scala', 'Angular', 'Software development', 'Agile', 'Vue.js', 'Senior level', 'TypeScript', 'IaaS', 'Design patterns']","Full-time
$138,000 - $221,000 a year
12 days ago"
"Front-End Engineer, Amazon Connect (AWS)","Amazon Web Services, Inc. - 3.4
New York, NY","['Computer science', 'Node.js', 'CSS', 'Data structures', 'NoSQL', 'Mid-level', 'OOP', 'AWS', 'Analysis skills', 'JavaScript', 'Angular', 'Software development', 'Agile', 'S3', '1 year', 'Service-oriented architecture', 'AI', 'TypeScript', 'HTML', 'AWS Lambda']","Full-time
$129,300 - $223,600 a year"
Senior Software Engineer (Python),"Hatch - 4.0
New York, NY","['CI/CD', 'Kubernetes', 'RESTful API', '5 years', 'Software deployment', 'Test automation', 'NoSQL', 'Google Cloud Platform', 'MongoDB', 'Databases', 'AWS', 'Docker', 'PostgreSQL', 'REST', 'Django', 'GitHub', 'APIs', 'CircleCI', 'GraphQL', 'Flask', 'Senior level', 'Jenkins', 'Python']","Full-time
$150,000 - $200,000 a year"
Machine Learning Engineer,"Bombora - 3.8
New York, NY","['TensorFlow', 'CI/CD', 'Hypothesis testing', 'PyTorch', 'Spark', 'Git', 'Google Cloud Platform', 'Mid-level', 'SQL', 'Docker', 'Machine learning', 'Model deployment', 'Distributed systems', 'Natural language processing', 'APIs', 'Distributed computing', 'Flask', 'Model evaluation', 'Data manipulation', 'Python']","$155,000 - $170,000 a year"
Senior Python Engineer,"Runwise - 5.0
New York, NY","['5 years', 'Senior level', 'Python']","$140,000 - $190,000 a year"
Software Engineer,"FanDuel - 3.6
New York, NY","['Jira', 'Cloud infrastructure', 'Go', 'React', 'Full-stack development', 'Software deployment', 'Mid-level', 'Java', 'AWS', 'Flutter', 'JavaScript', 'Back-end development', 'Communication skills', 'Python']","$102,000 - $140,800 a year
4 days ago"
Backend Team Lead,"Audicus - 4.0
New York, NY","['5 years', 'Databases', 'Business development', 'Project management', 'Telehealth', 'Back-end development', 'Senior level', 'Communication skills', 'Python', 'Marketing']","$180,000 - $200,000 a year"
"Software Engineer 3, AI","The Farmer's Dog - 3.5
New York, NY","['CI/CD', 'Data modeling', 'Node.js', 'Customer retention', 'React', 'Mid-level', 'Analysis skills', 'JavaScript', 'Mentoring', 'Angular', 'Software development', 'Budgeting', 'Vue.js', 'AI', 'Leadership', 'TypeScript', 'Communication skills', 'Design patterns']","$155,000 - $175,000 a year
14 days ago"
"Software Engineer 3, Billing","MongoDB - 3.6
New York, NY","['Software troubleshooting', 'MongoDB', 'Mid-level', '3 years', 'Java', 'AWS', 'Distributed systems', 'AI', 'Communication skills']","$101,000 - $198,000 a year"
"Software Engineer, Frontend, 6+ Years of Experience","Snapchat - 3.6
New York, NY","['Computer science', '6 years', 'CSS', 'React', 'Kubernetes', 'Full-stack development', 'Bachelor of Science', 'System design', 'NoSQL', ""Master's degree"", 'Microservices', 'AWS', 'C', ""Bachelor's degree"", 'JavaScript', 'Distributed systems', 'Redis', 'Angular', 'Django', 'Unit testing', 'Flask', 'Senior level', 'AI', 'TypeScript', 'Python', 'HTML']","Full-time
$178,000 - $313,000 a year"
Junior Backend Engineer,"AscendEX
New York, NY","['Go', 'Computer Science', 'Software Engineering', 'Blockchain', 'Git', 'Mid-level', 'Java', 'Application development', 'SQL', ""Bachelor's degree"", 'PostgreSQL', 'Scala', 'Organizational skills', 'Software development', 'Kafka', 'Cryptocurrency', '2 years', 'Akka', 'MySQL', 'Design patterns']","Full-time
$80,000 - $90,000 a year
4 days ago"
"Staff Backend Engineer, Mobile Team","Via - 3.2
New York, NY","['Kubernetes', '5 years', 'C#', 'Java', 'Databases', 'SQL', 'OOP', 'AWS', 'Analysis skills', 'C++', 'Agile', 'Senior level', 'Multithreading', 'Python', 'MySQL', 'Design patterns']","Full-time
$200,000 - $275,000 a year"
Full Stack Engineer with AWS Expertise,"Helix Tech IT solution
New York, NY","['Software troubleshooting', 'Full-stack development', 'Software deployment', 'Mid-level', '3 years', 'Java', 'AWS', 'Database management', 'C', 'JavaScript', 'Back-end development', 'REST', 'GitHub', 'APIs', 'Front-end development', '2 years', 'Python', 'MySQL']","Full-time
$108,228.44 - $130,339.63 a year
4 days ago"
Software Developer | Advisor Practice P&L Reporting (Python/SQL),"Cerity Partners - 2.3
New York, NY","['Power BI', 'Microsoft Excel', 'Azure', 'Computer Science', 'Salesforce', 'Business analysis', 'Information Systems', 'Mid-level', 'SQL', 'Profit & loss', ""Bachelor's degree"", 'Cloud development', 'PostgreSQL', 'Organizational skills', 'Software development', 'APIs', 'Communication skills', 'Python']","$120,000 - $150,000 a year
9 days ago"
"Software Engineer (L5), Ads Measurement","Netflix - 3.9
New York, NY","['Adtech', 'Mid-level', 'Host/hostess experience', 'A/B testing', 'Martech', 'Leadership', 'Negotiation']","Full-time
$100,000 - $720,000 a year
10 days ago"
"Software Engineer (L5), Ads Delivery Management","Netflix - 3.9
New York, NY","['Adtech', 'Mid-level', 'Host/hostess experience', 'Martech', 'Metadata', 'Negotiation']","Full-time
$100,000 - $720,000 a year"
"Backend Software Engineer, Infrastructure Platform","TikTok - 3.4
New York, NY","['Web design', 'Computer science', 'Go', 'Computer Science', 'Bachelor of Science', 'UNIX', 'Mid-level', 'Java', 'C++', 'C', ""Bachelor's degree"", 'Software development', 'Linux', 'Python']","$136,800 - $280,000 a year"
Machine Learning Engineer,"Career Vest
New York, NY","['Scikit-learn', 'Statistics', 'Computer science', 'Data modeling', 'PyTorch', 'Bachelor of Science', 'Data structures', 'R', 'Mid-level', '3 years', 'Java', ""Master's degree"", ""Bachelor's degree"", 'Machine learning', '1 year', 'Hindi', 'Keras', 'Machine learning frameworks', '2 years', 'Communication skills', 'Python', 'Software architecture']","Full-time
$186,120 - $207,086 a year"
Staff Software Engineer - Backend,"ResortPass
New York, NY","['Node.js', 'MongoDB', 'AWS', 'Ruby on Rails', 'Senior level']","$200,000 - $240,000 a year"
Cloud Engineer,"Career Vest
New York, NY","['Azure', 'Confidential Clearance', 'Google Cloud Platform', 'Mid-level', '3 years', ""Master's degree"", 'AWS', 'Analysis skills', '1 year', 'Hindi', '2 years', 'Communication skills', 'AWS Certified Solutions Architect – Professional']","Full-time
$140,255 - $157,043 a year"
Senior Backend Software Engineer,"S&P Global - 3.9
New York, NY","['Law', 'Kubernetes', 'RESTful API', '5 years', 'Data structures', 'Git', 'Algorithms', 'Docker', 'Machine learning', 'PostgreSQL', 'Natural language processing', 'Django', 'Text classification', 'APIs', 'Senior level', 'AI', 'Jenkins', 'Communication skills', 'Python', 'SDLC']","$150,000 - $225,000 a year"
"Developer Advocate, Python","Meta - 4.1
New York, NY","['Computer science', 'Computer Science', 'Mid-level', 'Presentation skills', ""Bachelor's degree"", 'Machine learning', 'Computer Engineering', '2 years', 'Python']","$147,000 - $203,000 a year"
"Software Development Engineer, Twitch Advertising","Amazon.com Services LLC - 3.5
New York, NY","['Computer science', 'Computer Science', 'Mid-level', '3 years', ""Bachelor's degree"", 'SDLC', 'Design patterns']","Full-time
$129,300 - $223,600 a year
1 day ago"
Software Engineer,"Evolve ESolutions LLC
Hoboken, NJ","['7 years', 'Go', 'Computer Science', 'React', 'E-commerce', 'Java', ""Bachelor's degree"", 'Computer Information Systems', 'Software development', 'F#', 'Agile', 'Senior level', '2 years', 'Python']","Contract
$70 - $75 an hour
1 day ago"
"Staff iOS Software Engineer, Gameday","GameChanger - 3.4
New York, NY","['Kotlin', 'Node.js', 'iOS development', 'iOS', 'Mid-level', 'AWS', 'Continuous improvement', 'PostgreSQL', 'Redis', 'Organizational skills', 'Sports', 'APIs', 'Swift', 'Android development', 'TypeScript']","Full-time
$200,000 - $240,000 a year"
Java Swing Software Developer – Financial Services,"Hire Orbitt
New York, NY","['Jira', 'CI/CD', 'Oracle', 'JUnit', 'React', 'Mid-level', 'Java', 'SQL', 'OOP', 'AWS', 'Analysis skills', 'Confluence', 'Continuous integration', 'Agile', 'Front-end development', 'Unit testing', 'JDBC', 'AI', '4 years', 'Jenkins', 'GitLab', 'Communication skills', 'Spring']","Full-time
$140,000 - $160,000 a year
2 days ago"
Website Development Engineer II - Web Enablement,"Datadog - 3.9
New York, NY","['Node.js', 'Bootstrap', 'Web development', 'Google Tag Manager', 'Google Cloud Platform', 'Mid-level', '3 years', 'AWS', 'JavaScript', 'SCSS', 'Terraform', 'ECMAScript', 'SASS', 'SEO', 'Figma', 'GitLab', 'HTML']","$102,000 - $131,000 a year
2 days ago"
Platform Developer,"City National Bank - 3.6
New York, NY","['CI/CD', 'MCSA', 'Salesforce Certification', 'MCSE', 'Salesforce', 'Information Systems', 'Mid-level', ""Master's degree"", ""Bachelor's degree"", 'MTA', 'Systems engineering', 'Organizational skills', 'Software development', 'Agile', 'Financial services', 'Epic Certification', 'Unit testing', '4 years', 'Communication skills', 'Time management', 'SDLC']","$87,027 - $138,965 a year
10 days ago"
Senior Software Engineer - Scala,"Disney Entertainment & ESPN Technology - 3.4
New York, NY","['CI/CD', 'Computer science', 'Computer Science', 'Kubernetes', '5 years', 'Writing skills', 'Spark', 'System architecture', 'Java', 'Functional testing', 'AWS', ""Bachelor's degree"", 'Scala', 'Terraform', 'Software development', 'APIs', 'S3', 'Integration testing', 'Apache', 'DynamoDB', 'Senior level', 'Jenkins', 'Python', 'Design patterns']","$138,900 - $203,900 a year
2 days ago"
"Software Engineer, Cloud Infrastructure","CLEAR - Corporate - 2.4
New York, NY","['Cloud infrastructure', 'Kubernetes', 'Load balancing', 'Bash', 'Firewall', 'AWS', 'Terraform', 'Splunk', 'BGP', 'Computer networking', 'APIs', 'Linux', 'Senior level', 'Python', 'Shell Scripting', 'NGINX']","$150,000 - $180,000 a year
4 days ago"
"Software Development Engineer, Amazon Ads","Amazon.com Services LLC - 3.5
New York, NY","['Computer science', 'Computer Science', 'React', 'Full-stack development', 'Mid-level', '3 years', 'Java', ""Bachelor's degree"", 'Machine learning', 'JavaScript', 'APIs', 'HTML', 'SDLC', 'Design patterns']","Full-time
$129,300 - $223,600 a year"
"Software Engineer (L5), Ads Identity Graph","Netflix - 3.9
New York, NY","['Data modeling', 'Adtech', 'Big data', 'Spark', 'Mid-level', 'Snowflake', 'Host/hostess experience', 'Algorithms', 'Distributed systems', 'Martech', 'Negotiation']","Full-time
$100,000 - $720,000 a year"
Senior Software Engineer (Experience Team),"Pinecone - 3.5
New York, NY","['Rust', 'Go', 'Node.js', 'RESTful API', 'Web development', 'Full-stack development', '5 years', 'Big data', 'Data structures', 'Back-end development', 'Senior level', 'AI', 'Python']","Full-time
$175,000 - $210,000 a year
1 day ago"
Senior Back-End Developer with Front-End Expertise,"United partners
New York, NY","['React', 'Full-stack development', '5 years', 'AI integration', 'Laravel', 'Git', 'PHP', 'JavaScript', 'Back-end development', 'Senior level', 'HTML']","Full-time
$80,000 - $165,000 a year"
"Staff Software Engineer, Infrastructure","Suno - 4.2
New York, NY","['Management', 'Kubernetes', 'Google Cloud Platform', 'AWS', 'Docker', 'Terraform', 'Senior level', 'Leadership']","Full-time
$170,000 - $240,000 a year"
"Software Engineer, iOS","current - 5.0
New York, NY","['Kotlin', 'MVC', 'iOS development', 'Mobile applications', 'iOS', 'System design', 'Mid-level', 'Computer networking', 'Swift', 'Multithreading', 'gRPC']","$150,000 - $200,000 a year"
"Software Engineer, iOS (3+ years of experience)","Captions - 4.0
New York, NY","['Computer science', 'Data structures', 'iOS', 'Mid-level', '3 years', 'Algorithms', 'RxSwift', 'AI']","Full-time
$140,000 - $175,000 a year"
"Software Engineer, Web (7+ years of experience)","Captions - 4.0
New York, NY","['7 years', 'WebAssembly', 'React', 'Express.js', 'Angular', 'Software development', 'Vue.js', 'Senior level', 'AI']","Full-time
$170,000 - $220,000 a year"
Staff Machine Learning Engineer,"Ramp Financial
New York, NY","['Looker', 'PyTorch', '5 years', 'NumPy', 'Snowflake', 'SQL', 'Pandas', ""Bachelor's degree"", 'Machine learning', 'Back-end development', 'Purchasing', 'Fraud prevention and detection', 'Senior level', 'Python']","Full-time
$185,000 - $315,000 a year
9 days ago"
Software Developer: Generative AI,"D. E. Shaw & Co., L.P. - 4.1
New York, NY","['AI models', 'Law', 'Mid-level', 'Software development', 'AI', 'Generative AI']","Full-time
$200,000 - $250,000 a year"
Software Engineer II,"Peloton - 3.2
New York, NY","['Performance tuning', 'iOS development', 'RESTful API', 'iOS', 'Git', 'Mid-level', 'Application development', 'Analysis skills', 'APIs', 'Mac OS', 'Agile', '2 years', 'Debugging']","$115,772 - $150,504 a year"
"Manager, Software Engineering (Front-End)","Mastercard - 4.0
New York, NY","['CI/CD', 'Adobe Photoshop', 'MVC', 'CSS', 'Bamboo', 'iOS development', 'Software deployment', 'iOS', 'System architecture', 'Objective-C', 'Test-driven development', 'Responsive web design', 'UI design', 'Information security', 'AWS', 'JavaScript', 'Angular', 'UX', 'Organizational skills', 'APIs', 'IT', 'UI', 'Vue.js', 'Senior level', 'Jenkins', 'Communication skills', 'jQuery', 'HTML', 'Design patterns']","Full-time
$166,000 - $265,000 a year"
"Senior Software Engineer, Full Stack","Biograph
New York, NY","['Full-stack development', 'Mid-level', '3 years', 'Django', 'Python', 'React Native']","$150,000 - $200,000 a year"
Application Specialist,"Ohel Children's Home and Family Services - 3.5
Brooklyn, NY","['Microsoft Excel', 'Customer service', 'Communication skills', 'Entry level']","Full-time
$55,000 - $65,000 a year"
Software Engineer,"Yext - 3.8
New York, NY","['Computer Science', 'Bachelor of Science', 'Data structures', 'Mid-level', 'Java', 'Algorithms', 'C++', ""Bachelor's degree"", '4 years', 'Python']","$119,700 - $258,000 a year
14 days ago"
Senior Backend Software Engineer,"GreenLite
New York, NY","['5 years', 'SQL', 'PostgreSQL', 'Software development', 'APIs', 'Senior level']","Full-time
$178,000 - $201,000 a year"
Software Engineer,"Goliath Partners
New York, NY","['Computer Science', 'Bachelor of Science', 'Data structures', 'Mid-level', 'Pandas', 'AWS', ""Bachelor's degree"", 'Machine learning', 'Physics', 'Flask', 'Python']","$130,000 - $350,000 a year"
Software Developer - AI Trainer,"DataAnnotation - 3.9
New York, NY","['Kotlin', 'Go', 'CSS', 'React', 'Writing skills', 'C#', 'English', 'Mid-level', 'Java', 'SQL', 'C++', 'C', ""Bachelor's degree"", 'JavaScript', 'Swift', 'AI', 'Grammar Experience', 'TypeScript', 'Python', 'HTML']","Contract
From $40 an hour"
Principal Performance Engineer (Trading),"Fidelity Investments - 4.0
Jersey City, NJ","['Computer science', 'Ethereum', 'Oracle', 'Computer Science', 'Relational databases', 'Cucumber', 'Test automation', 'Employment & labor law', 'Selenium', 'Performance testing', 'Java', 'Databases', 'SQL', 'AWS', ""Bachelor's degree"", 'Splunk', 'Scripting', 'Scrum', 'Agile', 'IT', 'S3', 'Senior level', 'Cryptocurrency', 'Mechanical knowledge', 'Python', 'Shell Scripting', '10 years']","$85,000 - $179,000 a year"
"Software Development Engineer, Amazon Connect Cases (AWS)","Amazon Development Center U.S., Inc. - 3.4
New York, NY","['Computer science', 'Pricing', 'Computer Science', 'C#', 'NoSQL', 'Mid-level', '.NET', 'Java', ""Master's degree"", 'OOP', 'AWS', 'C++', ""Bachelor's degree"", 'Machine learning', 'Back-end development', 'Mentoring', 'Software development', 'S3', 'Service-oriented architecture', 'AI', 'Leadership', '2 years', 'Communication skills', 'SDLC', 'Design patterns', 'AWS Lambda']","Full-time
$129,300 - $223,600 a year
8 hours ago"
"Front-end Engineer - AWS Marketplace, AWS Marketplace Saas","Amazon Web Services, Inc. - 3.4
New York, NY","['Computer science', 'Node.js', 'CSS', 'Data structures', 'Mid-level', 'OOP', 'AWS', 'Analysis skills', 'JavaScript', 'Distributed systems', 'Angular', 'Software development', 'Agile', 'Web services', '1 year', 'TypeScript', 'Communication skills', 'HTML']","Full-time
$129,300 - $223,600 a year"
Lead Python Engineer,"ION - 1.9
New York, NY","['CI/CD', 'Management', 'Software troubleshooting', 'Agile', 'Flask', 'Senior level', '2 years', 'Python']","Full-time
$140,000 - $250,000 a year"
Sr Software Engineer,"CBS Sports - 3.9
New York, NY","['Kubernetes', 'Software implementation', 'Google Cloud Platform', '3 years', ""Master's degree"", 'AWS', 'JavaScript', 'Technical writing', 'GitHub', 'Senior level', 'TypeScript', 'Communication skills', 'Python', 'Basketball']","Full-time
$124,000 - $155,000 a year
5 days ago"
Software Engineer - Backend,"dYdX - 5.0
New York, NY","['Computer science', 'Node.js', 'Computer Science', 'Blockchain', 'Mid-level', ""Master's degree"", ""Bachelor's degree"", 'JavaScript', 'PostgreSQL', 'REST', 'Contracts', 'APIs', '1 year', 'TypeScript', 'Python']","Full-time
$150,000 - $250,000 a year"
"Staff Backend Engineer, Rider Account","Via - 3.2
New York, NY","['CI/CD', 'Computer science', '7 years', 'Computer Science', 'Kubernetes', 'C#', 'Java', 'SQL', 'AWS', 'Analysis skills', 'C++', ""Bachelor's degree"", 'Paratransit', 'GitHub', 'APIs', 'Senior level', 'Jenkins', 'GitLab', 'Communication skills', 'Python', 'MySQL', 'Design patterns']","Full-time
$200,000 - $275,000 a year"
Staff Software Engineer,"Ramp Financial
New York, NY","['Azure', 'Google Cloud Platform', 'Snowflake', 'SQL', 'AWS', 'Machine learning', 'Terraform', 'Purchasing', 'Data science', 'Redshift', 'Senior level', 'AI', 'Python']","Full-time
$246,900 - $339,500 a year"
Staff Software Engineer,"CLEAR - Corporate - 2.4
New York, NY","['Data modeling', 'React', 'Kubernetes', 'Java', 'Application development', 'AWS', 'Docker', 'Cloud development', 'JavaScript', 'Software development', 'GitHub', '9 years', 'Senior level', 'TypeScript', 'Python']","$215,000 - $250,000 a year"
"Senior Software Engineer, NYC","Multiverse - 3.8
New York, NY","['5 years', 'DevOps', 'Senior level', 'AI', 'TypeScript']","Full-time
$130,000 - $195,000 a year"
Sr. Software Quality Engineer,"Kohler - 3.4
New York, NY","['CI/CD', 'Computer Science', 'Internet of things', '5 years', 'iOS', 'Firmware', 'Test automation', 'Information security', 'Software quality assurance', ""Bachelor's degree"", 'Senior level', 'AI', 'Python']","$114,500 - $168,722 a year
4 days ago"
"Software Dev Engineer (SDE-T), Amazon Connect - Contact Control Panel","Amazon Development Center U.S., Inc. - 3.4
New York, NY","['Penetration testing', 'Computer science', 'Vulnerability assessment', 'Law', 'C#', 'System architecture', 'Test automation', 'NoSQL', 'Mid-level', 'Java', 'OOP', 'AWS', 'C++', 'Software development', 'Scalability', 'S3', 'Web services', 'Linux', '1 year', 'AI', 'AWS Lambda']","Full-time
$129,300 - $223,600 a year
8 hours ago"
Sr. DevOps Engineer,"Adobe - 4.3
New York, NY","['CI/CD', 'Computer science', 'Cloud infrastructure', 'Azure', 'Kubernetes', '5 years', 'DevOps', 'Windows', 'Bash', 'AWS', 'Docker', ""Bachelor's degree"", 'JavaScript', 'PostgreSQL', 'Terraform', 'Scripting', 'GitHub', 'IT', 'CircleCI', 'DynamoDB', 'Senior level', 'Python', 'Shell Scripting', 'AWS Certified DevOps Engineer – Professional']","Full-time
$153,600 - $286,600 a year
10 days ago"
"Senior Software Engineer, Documentation","MongoDB - 3.6
New York, NY","['CI/CD', 'React', '5 years', 'Git', 'MongoDB', 'Gatsby', 'AWS', 'JavaScript', 'Senior level', 'AI', 'TypeScript', 'Communication skills']","$118,000 - $231,000 a year"
Options: Software Developer,"D. E. Shaw & Co., L.P. - 4.1
New York, NY","['Management', 'Trading', 'Mid-level', '3 years', 'Java', 'Software development', 'Leadership']","Full-time
$200,000 - $325,000 a year"
"Software Dev Engineer II, AWS Clean Rooms","Amazon Web Services, Inc. - 3.4
New York, NY","['Computer science', 'Pricing', 'Computer Science', 'Mid-level', '3 years', 'AWS', ""Bachelor's degree"", 'Distributed systems', 'APIs', 'DynamoDB', 'SDLC', 'Design patterns']","Full-time
$129,300 - $223,600 a year
8 hours ago"
"Software Engineer, iOS","Meta - 4.1
New York, NY","['Computer science', 'Management', 'Computer Science', 'iOS development', 'iOS', 'Objective-C', 'C++', ""Bachelor's degree"", 'Machine learning', 'SDKs', 'Computer Engineering', 'Organizational skills', 'APIs', 'Unit testing', 'Swift', 'Senior level', 'Multithreading', 'Leadership', '2 years']","Full-time
$85.10 an hour
8 days ago"
Associate Engineer - AI,"Lord Abbett.com
Jersey City, NJ","['Jira', 'CI/CD', 'Cloud infrastructure', 'Computer Science', 'DevOps', 'Git', 'Mid-level', ""Master's degree"", 'AWS', 'Analysis skills', ""Bachelor's degree"", 'Confluence', 'Physics', 'GitHub', 'APIs', 'AI', '2 years', 'Jenkins', 'Communication skills', 'Python', 'Debugging']","$120,000 - $150,000 a year"
Frontend Software Engineer - React / Typescript (Backstage),"Cast & Crew - 4.0
New York, NY","['Management', 'React', 'Kanban', 'DevOps', 'iOS', 'Accounting software', 'Mid-level', 'Application development', 'Project management', 'Back-end development', 'Redux', 'Django', 'Front-end development', '4 years', 'TypeScript', 'Communication skills', 'Python']","Full-time
$140,000 - $145,000 a year"
Software Developer - AI Trainer,"DataAnnotation - 3.9
New York, NY","['Kotlin', 'Go', 'CSS', 'React', 'Writing skills', 'C#', 'English', 'Mid-level', 'Java', 'SQL', 'C++', 'C', ""Bachelor's degree"", 'JavaScript', 'Swift', 'AI', 'Grammar Experience', 'TypeScript', 'Python', 'HTML']","Contract
From $40 an hour"
Front-End Developer- AI Trainer,"DataAnnotation - 3.9
New York, NY","['Kotlin', 'Go', 'CSS', 'React', 'Writing skills', 'C#', 'English', 'Mid-level', 'Java', 'SQL', 'C++', 'C', ""Bachelor's degree"", 'JavaScript', 'Swift', 'AI', 'Grammar Experience', 'TypeScript', 'Python', 'HTML']","Contract
From $40 an hour"
"Specialist, Developer (Digital Personalization)","Macy’s - 3.6
New York, NY","['Web analytics', 'Management', 'CSS', 'Mid-level', ""Bachelor's degree"", 'JavaScript', 'APIs', 'Purchasing', 'IT', 'A/B testing', 'Data collection', 'Business requirements', 'Communication skills', 'Adobe Analytics', 'Multichannel marketing', 'HTML', 'Adobe Target', 'Stakeholder management']","$77,160 - $128,640 a year"
Manager of DevOps Engineering | Information Technology,"Rockefeller University - 4.2
New York, NY","['CI/CD', 'Computer science', 'TCP', 'System administration', 'Azure', 'Node.js', 'Kubernetes', 'Ansible', 'Vagrant', 'Kanban', 'DevOps', 'Git', 'GitLab CI/CD', '3 years', 'Bash', 'Application development', 'DHCP', 'AWS', 'Docker', ""Bachelor's degree"", 'Ruby on Rails', 'Virtualization', 'Splunk', 'New Relic', 'Perl', 'Mentoring', 'Scripting', 'DNS', 'Angular', 'Ruby', 'Organizational skills', 'Agile', 'VMWare', 'SSH', 'Linux', 'Apache', 'TCP/IP', 'Senior level', 'GitLab', 'Python', 'Teaching', 'Shell Scripting', 'NGINX']","Full-time
$125,000 - $150,000 a year"
Back End Developer,"Technology Holdings North America Inc. - 3.0
New York, NY","['Cloud infrastructure', 'Go', 'Cassandra', 'Kubernetes', 'UNIX', 'Google Cloud Platform', '3 years', 'Bash', 'Databases', '8 years', 'AWS', 'Docker', 'Distributed systems', 'Terraform', 'Redis', 'Back-end development', 'Scripting', 'APIs', 'Senior level', 'Shell Scripting']","Full-time
$150,000 - $200,000 a year"
Back-End JAVA Developer- NYC/NJ ONLY! (NO REMOTE APPLICANTS),"LiveCare
New York, NY","['Spring Boot', 'Mid-level', 'Java', 'AWS', 'JavaScript', 'REST', 'APIs', '1 year', '2 years', 'Spring', 'MySQL', 'AWS Lambda']","Full-time
$80,000 - $100,000 a year"
Full Stack Developer,"Rowan Technology
New York, NY","['Computer science', 'Kotlin', 'Management', 'Node.js', 'React', 'Bachelor of Science', 'Mid-level', 'Java', 'AWS', 'Docker', 'Bootcamp', ""Bachelor's degree"", 'Ruby on Rails', 'PostgreSQL', 'Angular', 'Ruby', 'Software development', 'GraphQL', '1 year', 'gRPC', 'Leadership', 'TypeScript', 'Communication skills']","Full-time
$110,000 - $140,000 a year"
Founding Full-Stack Software Engineer,"Fonzi AI
Brooklyn, NY","['React', 'DevOps', 'Mid-level', '3 years', 'SQL', 'JavaScript', 'APIs', 'AI', 'TypeScript']","Full-time
$150,000 - $210,000 a year"
"C++ Developer, Capital Markets","Business Integration Partners (BIP) - 3.0
New York, NY","['Computer Science', 'Software troubleshooting', 'Trading', '5 years', 'Data structures', 'NoSQL', 'Git', 'Test-driven development', 'Java', 'Finance', 'Algorithms', 'SQL', 'C++', ""Bachelor's degree"", 'APIs', 'Agile', 'Senior level', 'Python']","Full-time
$90,000 - $135,000 a year"
"Senior Backend Engineer - Python, Webframeworks, SQL, MySQL, Postgres - Resy","Amex - 4.1
New York, NY","['Jira', 'RDBMS', 'Hospitality', 'Performance tuning', 'Computer science', 'Management', 'Computer Science', 'PCI', 'UNIX', 'MongoDB', 'Microservices', 'SQL', 'AWS', 'Project management', ""Bachelor's degree"", 'PostgreSQL', 'Django', 'APIs', 'S3', 'Linux', 'Kafka', 'Flask', 'Senior level', 'Python', 'MySQL']","$110,000 - $190,000 a year
3 days ago"
Full Stack Developer,"Rethink
New York, NY","['MVC', 'CSS', 'Mobile applications', '.NET Core', 'C#', 'Microsoft SQL Server', 'Mid-level', '.NET', 'SQL', 'JavaScript', 'Angular', 'TypeScript', 'HTML', 'Design patterns']","Full-time
$50 - $60 an hour"
"Senior Java Developer, Capital Markets","Business Integration Partners (BIP) - 3.0
New York, NY","['CI/CD', 'UI development', 'Trading', 'React', 'Relational databases', '5 years', 'DevOps', 'System design', 'UNIX', 'Test automation', 'Bloomberg', 'Java', 'SQL', 'OOP', 'Analysis skills', 'Scripting', 'Software development', 'APIs', 'Agile', 'Linux', 'Service-oriented architecture', 'Senior level', ""Associate's degree"", 'Multithreading', 'Communication skills', 'Spring', 'Negotiation', 'HTML', 'Design patterns']","Full-time
$110,000 - $150,000 a year"
"Staff Software Engineer, Web Payments","Block, Inc. - 3.6
New York, NY","['React', 'Mid-level', 'AWS', 'JavaScript', 'SDKs', 'Mentoring', 'APIs', '1 year', 'Vue.js', 'TypeScript', 'Teaching']","Full-time
$185,200 - $326,800 a year
2 days ago"
Software Development Engineer 1,"Adobe - 4.3
New York, NY","['Computer science', 'Bachelor of Science', 'iOS', 'Mid-level', 'Windows', 'Java', 'Algorithms', 'C++', 'C', ""Bachelor's degree"", 'Machine learning', 'JavaScript', 'Distributed systems', 'Packaging', 'SDKs', 'Organizational skills', 'Data transformation', 'TypeScript', 'Communication skills', 'Design patterns']","Full-time
$76,000 - $152,200 a year
1 day ago"
"Risk - New York- Associate, Software Engineering- 8456298","Goldman Sachs - 3.9
New York, NY","['Software Engineering', 'Mid-level', ""Master's degree"", 'OOP', ""Bachelor's degree"", '1 year']","$123,800 - $172,000 a year
22 hours ago"
JavaScript Developer (Mandarin MUST - Will Train - Nationwide),"Visa One Corporation
New York, NY","['Mandarin', 'AJAX', 'Node.js', 'CSS', 'Bootstrap', 'React', 'No experience needed', 'English', 'UI design', ""Master's degree"", ""Bachelor's degree"", 'JavaScript', 'Back-end development', 'SASS', 'Usability', 'REST', 'Angular', 'UX', 'Organizational skills', 'Agile', 'Web services', 'JSON', '1 year', '2 years', 'Communication skills', 'React Native', 'Entry level', 'HTML', 'Under 1 year']","Full-time | Internship
$60,000 - $85,000 a year
10 days ago"
Full Stack Developer,"Hook & Barrel, LLC - 3.0
United States","['Email marketing', 'Adobe Photoshop', 'Node.js', 'React', 'WordPress', 'Adobe Illustrator', 'PHP', 'JavaScript', 'PostgreSQL', 'Redis', 'Software development', 'APIs', 'GraphQL', 'Playwright', 'Senior level', 'AI', 'Google Analytics', '2 years', 'TypeScript', 'Analytics']","Full-time
$80,000 - $125,000 a year
7 days ago"
"Java Backend Engineer - Aladdin Engineering, Associate","BlackRock Investments - 3.8
New York, NY","['Azure', 'Computer Science', 'Cassandra', 'React', 'Kubernetes', 'Ansible', 'Relational databases', 'Software deployment', 'Bachelor of Science', 'DevOps', 'Microsoft SQL Server', 'NoSQL', 'Employee orientation', 'Git', 'Test-driven development', 'Google Cloud Platform', 'Research', 'Mid-level', '3 years', 'Java', ""Master's degree"", 'Databases', 'Microservices', 'SQL', 'AWS', 'Analysis skills', 'Docker', ""Bachelor's degree"", 'JavaScript', 'Product management', 'Master of Science', 'Terraform', 'Redis', 'REST', 'Angular', 'APIs', 'Sybase', 'Agile', 'Kafka', 'Unit testing', 'Middleware', 'Service-oriented architecture', 'Vue.js', 'Maven', 'AI', 'gRPC', 'Leadership', 'Communication skills', 'Spring', 'Hibernate', 'High availability', 'Design patterns']","$145,000 - $162,000 a year"
Software Engineer,"Morgan & Morgan, P.A. - 2.8
Brooklyn, NY","['Mid-level', 'Personal injury law']","Full-time
$120,000 a year
1 day ago"
Sr Software Engineer,"Disney Entertainment & ESPN Technology - 3.4
New York, NY","['Computer Science', 'System architecture', 'NoSQL', 'Information Systems', 'AWS', ""Bachelor's degree"", 'Distributed systems', 'Scala', 'Sports', 'S3', 'DynamoDB', 'Senior level']","$138,900 - $203,900 a year
1 day ago"
Platform Developer,"City National Bank - 3.6
New York, NY","['CI/CD', 'MCSA', 'Salesforce Certification', 'MCSE', 'Salesforce', 'Information Systems', 'Mid-level', ""Master's degree"", ""Bachelor's degree"", 'MTA', 'Systems engineering', 'Organizational skills', 'Software development', 'Agile', 'Financial services', 'Epic Certification', 'Unit testing', '4 years', 'Communication skills', 'Time management', 'SDLC']","$87,027 - $138,965 a year
10 days ago"
Senior Software Engineer - Scala,"Disney Entertainment & ESPN Technology - 3.4
New York, NY","['CI/CD', 'Computer science', 'Computer Science', 'Kubernetes', '5 years', 'Writing skills', 'Spark', 'System architecture', 'Java', 'Functional testing', 'AWS', ""Bachelor's degree"", 'Scala', 'Terraform', 'Software development', 'APIs', 'S3', 'Integration testing', 'Apache', 'DynamoDB', 'Senior level', 'Jenkins', 'Python', 'Design patterns']","$138,900 - $203,900 a year
2 days ago"
Microsoft Cloud Engineer,"Health Center, Inc. - 3.0
New York, NY","['Microsoft Windows Server', 'Microsoft Powerpoint', 'Computer science', 'ITIL Certification', 'Cloud infrastructure', 'Microsoft Excel', 'Azure', 'Computer Science', 'Customer service', '5 years', 'Engineering', 'Encryption', 'Information Systems', 'Windows', 'TLS', 'AWS', ""Bachelor's degree"", 'SSL', 'Scripting', 'DNS', 'SharePoint', 'VMWare', 'SSH', 'HTTPS', 'Senior level', 'Citrix', 'Communication skills', 'Microsoft Intune', 'Python', 'PowerShell', 'IaaS', 'Active Directory', 'Intune', 'Time management', 'VPN']","Full-time
$96,800 - $120,900 a year
7 days ago"
Lead Backend Developer,"TXR
United States","['Jira', 'CI/CD', 'Management', 'Kubernetes', 'RESTful API', 'Git', 'Mid-level', 'AWS', 'Confluence', 'PostgreSQL', 'Back-end development', 'Django', 'GitHub', 'APIs', 'S3', 'HubSpot', '4 years', 'Communication skills', 'Python']","Full-time
$120,000 - $140,000 a year"
Jira Triage Analyst,"Aceolution - 2.6
New York, NY","['Jira', 'Pegasystems', 'Management', 'Mid-level', 'Qualtrics', 'SQL', 'Analysis skills', 'Confluence', 'ServiceNow', 'Kibana', 'Citrix', '2 years', 'Communication skills']","Contract
Estimated: $81K - $102K a year
4 days ago"
Lead Machine Learning Engineer,"iVisa.com
United States","['TensorFlow', 'CI/CD', 'PyTorch', 'Google Cloud Platform', '3 years', 'AWS', 'Machine learning', 'Senior level', 'AI', 'Machine learning frameworks', 'Leadership', 'Communication skills', 'Python', 'MLOps']","Full-time
$120,000 - $160,000 a year"
Principal Performance Engineer (Trading),"Fidelity Investments - 4.0
Jersey City, NJ","['Computer science', 'Ethereum', 'Oracle', 'Computer Science', 'Relational databases', 'Cucumber', 'Test automation', 'Employment & labor law', 'Selenium', 'Performance testing', 'Java', 'Databases', 'SQL', 'AWS', ""Bachelor's degree"", 'Splunk', 'Scripting', 'Scrum', 'Agile', 'IT', 'S3', 'Senior level', 'Cryptocurrency', 'Mechanical knowledge', 'Python', 'Shell Scripting', '10 years']","$85,000 - $179,000 a year"
Asset & Wealth Management - Software Engineer - Associate - New York,"Goldman Sachs - 3.9
New York, NY","['Spring Boot', 'CI/CD', 'Gradle', 'JUnit', 'Kubernetes', 'NoSQL', 'Git', 'Test-driven development', 'MongoDB', 'Mid-level', '3 years', 'Java', 'Microservices', 'SQL', 'AWS', 'Analysis skills', 'Docker', 'Machine learning', 'Distributed systems', 'REST', 'Financial services', 'Kafka', 'Maven', 'Multithreading', 'Communication skills', 'Spring']","Part-time | Full-time
$115,000 - $180,000 a year
1 day ago"
Python Developer,"Schrödinger - 3.0
New York, NY","['Test-driven development', 'Mid-level', 'OOP', 'Python']","$120,000 - $160,000 a year
9 days ago"
Software Development Engineer in Test,"Adobe - 4.3
New York, NY","['Elixir', 'CI/CD', 'Computer science', 'React', 'Full-stack development', '5 years', 'Test automation', 'JavaScript', 'Back-end development', 'GitHub', 'GraphQL', 'Playwright', 'Senior level', 'TypeScript', 'Communication skills']","Full-time
$133,900 - $242,000 a year
10 days ago"
Backend Engineer,"Bevel
New York, NY","['Mid-level', 'TypeScript', 'Python']","Full-time
$120,000 - $160,000 a year"
Software Engineer,"Garage - 3.4
New York, NY","['Computer Science', 'React', ""Master's degree"", ""Bachelor's degree"", 'GitHub', '1 year', 'TypeScript', 'Entry level']","Full-time
$125,000 - $175,000 a year
1 day ago"
Media Platform Software Development Engineer,"Adobe - 4.3
New York, NY","['Computer science', 'Bachelor of Science', 'iOS', 'Mid-level', 'Windows', 'Java', 'Algorithms', 'C++', 'C', ""Bachelor's degree"", 'Machine learning', 'JavaScript', 'Distributed systems', 'Packaging', 'SDKs', 'Organizational skills', 'Data transformation', 'TypeScript', 'Communication skills', 'Design patterns']","Full-time
$76,000 - $152,200 a year
1 day ago"
"Software Engineer III, Gaming, AR","Google - 4.3
New York, NY","['Doctoral degree', 'Computer Science', 'Mid-level', 'Java', ""Master's degree"", 'C++', 'C', ""Bachelor's degree"", 'Doctor of Philosophy', 'JavaScript', 'Distributed systems', 'Natural language processing', 'Software development', '1 year', 'Distributed computing', 'AI', 'Python', 'Debugging']","Full-time
2 days ago"
Kubernetes Engineer,"Evolve ESolutions LLC
New York, NY","['Kubernetes', 'Software deployment', 'PaaS', 'Mid-level', 'Cloud Native Design', 'Red Hat OpenShift', 'Azure Kubernetes Service (AKS)', '9 years']","Contract
$60 - $75 an hour
1 day ago"
Asset & Wealth Management- Associate- New York- Software Engineer,"Goldman Sachs - 3.9
New York, NY","['Node.js', 'CSS', 'React', 'Full-stack development', 'Relational databases', 'Data structures', 'NoSQL', 'MongoDB', 'Mid-level', 'Java', 'Algorithms', 'OOP', 'JavaScript', 'REST', 'Angular', 'Sybase', '2 years', 'HTML', 'SDLC', 'Design patterns']","Part-time | Full-time
$115,000 - $180,000 a year"
"Software Engineer, Video Processing","Captions - 4.0
New York, NY","['Rust', 'Mid-level', 'C++', 'Scalability', 'AI', 'Python']","Full-time
$170,000 - $230,000 a year
10 days ago"
"Software Engineer (JavaScript, Next.js, React)","Complex - 3.9
New York, NY","['Management', 'React', '5 years', 'Google Ad Manager', 'Google Tag Manager', 'JavaScript', 'SDKs', 'SEO', 'APIs', 'Front-end development', 'A/B testing', 'Martech', 'Senior level', 'Google Analytics', 'Debugging']","Full-time
$115,000 - $140,000 a year"
"Java Engineer, Associate","BlackRock Investments - 3.8
New York, NY","['CI/CD', 'Computer science', 'Kotlin', 'Computer Science', 'Relational databases', 'Bachelor of Science', 'UNIX', 'Employee orientation', 'Git', 'Mid-level', '3 years', 'Java', 'Analysis skills', ""Bachelor's degree"", 'Distributed systems', 'Product management', 'Scrum', 'APIs', 'Linux', 'Distributed computing', 'SDLC']","$132,500 - $162,000 a year"
Backend Engineer,"Spotify - 4.1
New York, NY","['Writing skills', 'Data structures', 'System design', 'Java', 'Distributed systems', 'APIs', 'Senior level', 'Under 1 year']","Permanent
$160,091 - $228,702 a year
2 days ago"
"Software Engineer, Macro Middle Office Technology","Point72 - 4.2
New York, NY","['CI/CD', 'C#', 'Test-driven development', 'Mid-level', '.NET', '3 years', 'SQL', 'Analysis skills', 'Software development', 'Agile', 'Financial services', 'Communication skills', 'SDLC']","$200,000 - $250,000 a year
14 days ago"
Software Developer | Advisor Practice P&L Reporting (Python/SQL),"Cerity Partners - 2.3
New York, NY","['Power BI', 'Microsoft Excel', 'Azure', 'Computer Science', 'Salesforce', 'Business analysis', 'Information Systems', 'Mid-level', 'SQL', 'Profit & loss', ""Bachelor's degree"", 'Cloud development', 'PostgreSQL', 'Organizational skills', 'Software development', 'APIs', 'Communication skills', 'Python']","$120,000 - $150,000 a year
9 days ago"
Python Desk Developer,"Barclays - 3.9
New York, NY","['Microsoft Excel', 'Trading', 'Senior level', 'Python', 'SDLC']","$174,350 - $192,000 a year"
"Backend Engineer (Java), All Levels - NYC","Medal - 3.4
New York, NY","['CI/CD', 'Elasticsearch', 'Kotlin', 'Cloud infrastructure', 'Management', 'Node.js', 'Salt', 'React', 'Kubernetes', 'RESTful API', 'Relational databases', 'C#', 'iOS', 'Git', 'Test-driven development', 'Google Cloud Platform', 'Java', 'AWS', 'C++', 'Docker', 'PostgreSQL', 'Terraform', 'Redis', 'RabbitMQ', 'REST', 'Redux', 'Memcached', 'GitHub', 'CircleCI', 'Swift', 'Senior level', 'Chef', 'Project leadership', 'Leadership', 'Python', 'MySQL']","Full-time
$120,000 - $250,000 a year"
"Software Engineer (L5), Ads Measurement","Netflix - 3.9
New York, NY","['Adtech', 'Mid-level', 'Host/hostess experience', 'A/B testing', 'Martech', 'Leadership', 'Negotiation']","Full-time
$100,000 - $720,000 a year
10 days ago"
"Software Engineer (L5), Ads Delivery Management","Netflix - 3.9
New York, NY","['Adtech', 'Mid-level', 'Host/hostess experience', 'Martech', 'Metadata', 'Negotiation']","Full-time
$100,000 - $720,000 a year"
"Software Engineer, Identity and Access Management","MongoDB - 3.6
New York, NY","['Go', 'React', 'Full-stack development', 'C#', 'MongoDB', 'Mid-level', 'Java', 'AWS', 'C++', 'JavaScript', 'Redux', 'AI', '2 years', 'TypeScript', 'Communication skills', 'Identity & access management']","$101,000 - $198,000 a year"
"Software Engineer, Frontend, 6+ Years of Experience","Snapchat - 3.6
New York, NY","['Computer science', '6 years', 'CSS', 'React', 'Kubernetes', 'Full-stack development', 'Bachelor of Science', 'System design', 'NoSQL', ""Master's degree"", 'Microservices', 'AWS', 'C', ""Bachelor's degree"", 'JavaScript', 'Distributed systems', 'Redis', 'Angular', 'Django', 'Unit testing', 'Flask', 'Senior level', 'AI', 'TypeScript', 'Python', 'HTML']","Full-time
$178,000 - $313,000 a year"
Associate Software Engineer - Goldman Sachs Electronic Trading (GSET) - NYC - GBM Public,"Goldman Sachs - 3.9
New York, NY","['Computer science', 'Sourcing', 'Computer Science', 'Order management system', 'Data structures', 'Mid-level', 'Java', 'Algorithms', 'C++', ""Bachelor's degree"", 'HR sourcing', 'Linux', '2 years', 'Communication skills']","Part-time | Full-time
$115,000 - $180,000 a year"
Lead Front-End Developer - E-Learning Group,"Longtail Education
New York, NY","['Svelte', 'Computer science', 'Computer Science', 'CSS', 'React', 'Bachelor of Science', 'Mid-level', 'Responsive web design', '3 years', ""Master's degree"", 'Analysis skills', ""Bachelor's degree"", 'JavaScript', 'Next.js', 'UI', 'Unit testing', 'TypeScript', 'Communication skills', 'HTML']","Full-time
$90,000 - $130,000 a year
1 day ago"
"Front End Engineer II - CreativeX, CreativeX - Creative Building","Amazon.com Services LLC - 3.5
New York, NY","['Computer science', 'Node.js', 'CSS', 'Data structures', 'Mid-level', 'ROI', 'OOP', 'Analysis skills', 'JavaScript', 'Angular', 'Software development', 'Agile', '1 year', 'TypeScript', 'HTML']","Full-time
$129,300 - $223,600 a year"
Staff Software Engineer [Frontend] - Square Web Banking,"Block, Inc. - 3.6
New York, NY","['React', 'Web development', '11+ years', 'Ember.js', 'SASS', 'Mentoring', 'Senior level', 'TypeScript']","Full-time
$263,600 - $395,400 a year"
"Software Engineer 3, Pro Health","The Farmer's Dog - 3.5
New York, NY","['CI/CD', 'Data modeling', 'Node.js', 'Customer retention', 'React', 'Mid-level', 'Analysis skills', 'JavaScript', 'Mentoring', 'Angular', 'Software development', 'Budgeting', 'Vue.js', 'TypeScript', 'Communication skills']","$155,000 - $175,000 a year
1 day ago"
Software Engineer - Payments,"Brigit
New York, NY","['Kubernetes', 'Google Cloud Platform', 'Mid-level', '3 years', 'Java', 'SQL', 'Docker', 'Ruby on Rails', 'PostgreSQL', 'REST', 'ACH', 'APIs', 'User flows']","Full-time
$135,000 - $180,000 a year"
Software Engineer III - C#/.Net - Neovest - New York,"JPMorganChase - 3.9
New York, NY","['CI/CD', 'Software troubleshooting', 'Trading', 'React', 'C#', 'English', 'UI design', '.NET', '3 years', 'SOAP', 'Redis', 'RabbitMQ', 'REST', 'Angular', 'Software development', 'Agile', 'Portfolio management', 'Kafka', 'Senior level', 'TypeScript', 'Debugging']","Full-time
$133,000 - $185,000 a year
10 days ago"
Front-end Angular Developer,"Intone Networks - 4.1
New York, NY","['Mid-level', 'Angular', '2 years']","Contract
Estimated: $108K - $134K a year"
Full-Stack Web Developer,"Manhattan Institute for Policy Research - 3.7
New York, NY","['Web design', 'CI/CD', 'Cloud infrastructure', 'Business intelligence', 'Data lake', 'WordPress', 'Web development', 'Full-stack development', '5 years', 'Writing skills', 'Tableau', 'Snowflake', 'AWS', 'APIs', 'Senior level', 'LAMP stack', 'Communication skills']","$150,000 - $200,000 a year
1 day ago"
"iOS Engineer, All Levels - NYC","Medal - 3.4
New York, NY","['iOS development', 'RESTful API', 'iOS', 'Objective-C', 'Mid-level', 'Application development', 'Continuous integration', 'REST', 'GitHub', 'Mac OS', 'Swift', 'Figma']","Full-time
$120,000 - $220,000 a year"
Software Engineer,"Ramp Financial
New York, NY","['React', 'Mid-level', 'JavaScript', 'Purchasing', 'TypeScript']","Full-time
$155,000 - $213,200 a year"
Java Software Engineer III,"JPMorganChase - 3.9
New York, NY","['Spring Boot', 'CI/CD', 'Cassandra', 'Software troubleshooting', 'React', 'RESTful API', 'DevOps', 'Business analysis', 'System design', '3 years', 'Java', 'Application development', 'Business development', 'AWS', 'Machine learning', 'Cloud development', 'Angular', 'GitHub', 'Agile', 'Kafka', 'Senior level', 'AI', 'Jenkins', 'Debugging', 'SDLC']","Full-time
$133,000 - $185,000 a year
2 days ago"
Sr Software Engineer,"Disney Entertainment & ESPN Technology - 3.4
New York, NY","['Computer Science', 'System architecture', 'NoSQL', 'Information Systems', 'AWS', ""Bachelor's degree"", 'Distributed systems', 'Scala', 'Sports', 'S3', 'DynamoDB', 'Senior level']","$138,900 - $203,900 a year
1 day ago"
"Front-End Engineer (React+Electron), All Levels - NYC","Medal - 3.4
New York, NY","['CI/CD', 'Kotlin', 'Node.js', 'Salt', 'React', 'Kubernetes', 'C#', 'iOS', 'Mid-level', 'Java', 'C++', 'JavaScript', 'Terraform', 'Redis', 'RabbitMQ', 'Redux', 'GitHub', 'CircleCI', 'Swift']","Full-time
$120,000 - $250,000 a year"
Junior AI & Search Solutions Developer,"Skadden, Arps, Slate, Meagher & Flom LLP & Affiliates - 4.0
New York, NY","['Computer science', 'Computer Science', 'CSS', 'Software Engineering', 'React', 'Relational databases', 'Git', 'Research', 'Windows', '.NET', 'Prompt engineering', 'Analysis skills', ""Bachelor's degree"", 'Machine learning', 'Angular', 'UX', 'Organizational skills', 'Software development', 'GitHub', 'SSH', 'Linux', '1 year', 'Machine learning libraries', 'AI', 'TypeScript', 'Communication skills', 'Python', 'Entry level']","Full-time
$80,000 - $90,000 a year
8 days ago"
Backend Engineer III - Accounts Team,"Stash
New York, NY","['CI/CD', 'Go', 'Kubernetes', 'Mid-level', '3 years', 'AWS', 'Continuous improvement', 'PostgreSQL', 'Terraform', 'Software development', 'Kafka', 'Maven', 'Banking', 'Debugging']","$113,923 - $170,884 a year
1 day ago"
"Front-End Engineer, Amazon Connect (AWS)","Amazon Web Services, Inc. - 3.4
New York, NY","['Computer science', 'Node.js', 'CSS', 'Data structures', 'NoSQL', 'Mid-level', 'OOP', 'AWS', 'Analysis skills', 'JavaScript', 'Angular', 'Software development', 'Agile', 'S3', '1 year', 'Service-oriented architecture', 'AI', 'TypeScript', 'HTML', 'AWS Lambda']","Full-time
$129,300 - $223,600 a year"
Senior Software Engineer-Full Stack,"K. Hovnanian Homes - 3.4
New York, NY","['Full-stack development', '5 years', 'SQL', 'JavaScript', 'Product management', 'Organizational skills', 'Agile', 'Senior level', 'AI', 'Python', 'SDLC']","Full-time
$160,000 - $175,000 a year"
"Front End Engineer, Amazon Advertising","Amazon.com Services LLC - 3.5
New York, NY","['Computer science', 'Node.js', 'CSS', 'Software troubleshooting', 'Data structures', 'Mid-level', 'OOP', 'Analysis skills', 'JavaScript', 'Angular', 'Software development', 'Agile', '1 year', 'TypeScript', 'HTML']","Full-time
$129,300 - $223,600 a year"
"Software Development Engineer (SDE), Amazon Connect - Contact Control Panel","Amazon Development Center U.S., Inc. - 3.4
New York, NY","['Computer science', 'Law', 'Computer Science', 'NoSQL', 'Mid-level', '3 years', 'AWS', ""Bachelor's degree"", 'S3', 'AI', 'SDLC', 'Design patterns', 'AWS Lambda']","Full-time
$129,300 - $223,600 a year"
"Software Engineer 3, Billing","MongoDB - 3.6
New York, NY","['Software troubleshooting', 'MongoDB', 'Mid-level', '3 years', 'Java', 'AWS', 'Distributed systems', 'AI', 'Communication skills']","$101,000 - $198,000 a year"
"Sr. Software Engineer, Front-End","Disney Entertainment & ESPN Technology - 3.4
New York, NY","['Node.js', 'Computer Science', 'CSS', 'React', 'Web development', '5 years', 'Information Systems', 'AWS', ""Bachelor's degree"", 'JavaScript', 'SASS', 'S3', 'Less', 'Senior level', 'Communication skills']","$142,516 - $191,180 a year
11 days ago"
Python and C# developer,"AllocateRite, LLC - 5.0
New York, NY","['Law', 'Doctoral degree', 'Web development', 'C#', 'Mathematics', 'SQL', 'Analysis skills', 'Machine learning', 'Doctor of Philosophy', 'Physics', 'UX', 'Senior level', 'Pair programming', 'Communication skills', 'Python']","Full-time
$125,000 - $150,000 a year"
Software Developer,"Luxoft - 4.5
New York, NY","['Computer science', 'Node.js', 'Computer Science', 'React', 'English', 'Mid-level', 'Java', ""Bachelor's degree"", 'JavaScript', 'Computer Information Systems', 'Kafka', 'Maven', '2 years', 'Spring', 'Hibernate']","$151,819 a year
1 day ago"
Front End Web Developer,"Manhattan Institute for Policy Research - 3.7
New York, NY","['CI/CD', 'Business intelligence', 'CSS', 'WordPress', 'Web development', '5 years', 'Writing skills', 'Tableau', 'AWS', 'JavaScript', 'Front-end development', 'Senior level', 'LAMP stack', 'Communication skills']","$90,000 - $115,000 a year
1 day ago"
Software Engineer III (Core Java),"JPMorganChase - 3.9
New York, NY","['Management', 'React', 'Mid-level', '3 years', 'Java', 'SQL', 'PostgreSQL', 'Angular', 'Sybase', 'Web services', 'Kafka', 'Communication skills', 'Spring', 'Design patterns']","Full-time
$133,000 - $185,000 a year"
Software Engineer (Python/C++),"Virtu Financial - 3.3
New York, NY","['UNIX', 'Mid-level', 'Java', 'C++', 'Linux', 'Communication skills', 'Python']","$175,000 - $225,000 a year"
Frontend Engineer,"Accrete - 3.0
New York, NY","['CI/CD', 'Azure', 'Management', 'Law', 'WebAssembly', 'CSS', 'VueX', 'Bootstrap', 'React', 'RESTful API', 'Git', 'Google Cloud Platform', 'Mid-level', 'Responsive web design', '3 years', 'AWS', 'Continuous improvement', 'JavaScript', 'Redux', 'APIs', 'GraphQL', 'Data visualization', 'Vue.js', 'AI', 'TypeScript', 'Debugging', 'HTML']","Full-time
$120,000 - $160,000 a year
2 days ago"
"Software Engineer, New York","Talos Global
New York, NY","['Computer science', 'Go', 'Computer Science', 'Bachelor of Science', 'C#', 'Mid-level', '3 years', 'Java', ""Master's degree"", 'C++', ""Bachelor's degree"", 'Master of Science', 'Python']","Full-time
$140,000 - $200,000 a year"
Java Swing Software Developer – Financial Services,"Hire Orbitt
New York, NY","['Jira', 'CI/CD', 'Oracle', 'JUnit', 'React', 'Mid-level', 'Java', 'SQL', 'OOP', 'AWS', 'Analysis skills', 'Confluence', 'Continuous integration', 'Agile', 'Front-end development', 'Unit testing', 'JDBC', 'AI', '4 years', 'Jenkins', 'GitLab', 'Communication skills', 'Spring']","Full-time
$140,000 - $160,000 a year
2 days ago"
Full Stack Engineer with AWS Expertise,"Helix Tech IT solution
New York, NY","['Software troubleshooting', 'Full-stack development', 'Software deployment', 'Mid-level', '3 years', 'Java', 'AWS', 'Database management', 'C', 'JavaScript', 'Back-end development', 'REST', 'GitHub', 'APIs', 'Front-end development', '2 years', 'Python', 'MySQL']","Full-time
$108,228.44 - $130,339.63 a year
4 days ago"
"Software Engineer II, Commerce","Fox Corporation - 3.9
New York, NY","['Rust', 'Go', 'Mid-level', 'E-commerce', 'AWS', 'Contracts', 'APIs']","Full-time
$95,000 - $144,000 a year
3 days ago"
SharePoint Application Developer,"BRC
New York, NY","['Computer science', 'Computer Science', 'CSS', 'Web development', 'DocuSign', '5 years', 'Microsoft Office', 'SQL', ""Bachelor's degree"", 'JavaScript', 'SharePoint', 'Agile', 'Metadata', 'Senior level', 'jQuery', 'HTML']","Temporary | Full-time
$55 - $65 an hour"
Principal Performance Engineer (Trading),"Fidelity Investments - 4.0
Jersey City, NJ","['Computer science', 'Ethereum', 'Oracle', 'Computer Science', 'Relational databases', 'Cucumber', 'Test automation', 'Employment & labor law', 'Selenium', 'Performance testing', 'Java', 'Databases', 'SQL', 'AWS', ""Bachelor's degree"", 'Splunk', 'Scripting', 'Scrum', 'Agile', 'IT', 'S3', 'Senior level', 'Cryptocurrency', 'Mechanical knowledge', 'Python', 'Shell Scripting', '10 years']","$85,000 - $179,000 a year"
Software Engineer - Services Engineering,"Apple - 4.1
New York, NY","['CI/CD', 'Computer science', 'Kotlin', 'Computer Science', 'Data structures', 'iOS', 'Mid-level', 'Java', ""Master's degree"", 'Databases', 'Algorithms', ""Bachelor's degree"", 'Distributed systems', 'Agile', 'Kafka']","Full-time
$143,100 - $264,200 a year
1 day ago"
"Staff Backend Engineer, Mobile Team","Via - 3.2
New York, NY","['Kubernetes', '5 years', 'C#', 'Java', 'Databases', 'SQL', 'OOP', 'AWS', 'Analysis skills', 'C++', 'Agile', 'Senior level', 'Multithreading', 'Python', 'MySQL', 'Design patterns']","Full-time
$200,000 - $275,000 a year"
"Software Development Engineer, Amazon Connect Cases (AWS)","Amazon Development Center U.S., Inc. - 3.4
New York, NY","['Computer science', 'Pricing', 'Computer Science', 'C#', 'NoSQL', 'Mid-level', '.NET', 'Java', ""Master's degree"", 'OOP', 'AWS', 'C++', ""Bachelor's degree"", 'Machine learning', 'Back-end development', 'Mentoring', 'Software development', 'S3', 'Service-oriented architecture', 'AI', 'Leadership', '2 years', 'Communication skills', 'SDLC', 'Design patterns', 'AWS Lambda']","Full-time
$129,300 - $223,600 a year
8 hours ago"
"Developer Advocate, Python","Meta - 4.1
New York, NY","['Computer science', 'Computer Science', 'Mid-level', 'Presentation skills', ""Bachelor's degree"", 'Machine learning', 'Computer Engineering', '2 years', 'Python']","$147,000 - $203,000 a year"
"Front-end Engineer - AWS Marketplace, AWS Marketplace Saas","Amazon Web Services, Inc. - 3.4
New York, NY","['Computer science', 'Node.js', 'CSS', 'Data structures', 'Mid-level', 'OOP', 'AWS', 'Analysis skills', 'JavaScript', 'Distributed systems', 'Angular', 'Software development', 'Agile', 'Web services', '1 year', 'TypeScript', 'Communication skills', 'HTML']","Full-time
$129,300 - $223,600 a year"
Senior Engineer Backend (Java),"PayPal - 3.8
New York, NY","['Azure', 'Computer Science', 'NoSQL', 'Google Cloud Platform', '3 years', 'Java', 'Databases', 'SQL', 'Database design', 'AWS', ""Bachelor's degree"", 'Ruby on Rails', 'REST', 'Senior level', 'Python', 'Spring', 'Hibernate', 'Spring MVC']","Full-time
$72,700 - $176,000 a year
3 days ago"
Full-Stack Founding Software Engineer,"Brooklyn Navy Yard Development Corporation - 4.5
Brooklyn, NY","['Cloud infrastructure', 'Bootstrap', 'React', 'Full-stack development', 'System design', 'English', 'Google Cloud Platform', 'SQL', 'PostgreSQL', 'Django', 'Software development', 'Senior level', 'TypeScript', 'Communication skills', 'Python']","Part-time | Full-time
$140,000 a year"
"Associate, Java/Scala Developer","Morgan Stanley - 3.8
New York, NY","['CI/CD', 'Computer Science', 'RESTful API', '5 years', 'UNIX', 'Git', 'Java', 'SQL', ""Bachelor's degree"", 'Scala', 'Splunk', 'Computer Engineering', 'IT', 'Linux', 'Senior level', 'Jenkins', 'Python', 'Shell Scripting']","$158,000 a year"
Scientific Python Developer,"Schrödinger - 3.0
New York, NY","['Biology', 'Doctoral degree', 'Writing skills', 'Mid-level', ""Master's degree"", 'Doctor of Chemistry', 'OOP', 'Doctor of Philosophy', 'Software development', 'Chemistry', 'Python']","Full-time
$120,000 - $160,000 a year
9 days ago"
Software Engineer - Asset Servicing - Associate - NYC - GBM Public,"Goldman Sachs - 3.9
New York, NY","['Software troubleshooting', 'React', 'C#', 'NoSQL', 'MongoDB', 'Mid-level', 'Java', 'Databases', 'SQL', 'Analysis skills', 'C++', 'Machine learning', 'JavaScript', 'Scala', 'Redux', '2 years', 'Communication skills', 'Python']","Part-time | Full-time
$115,000 - $180,000 a year"
React Native Engineer,"Just Salad - 3.3
New York, NY","['React', 'iOS', 'Jest', 'Mid-level', 'E-commerce', '3 years', 'Project management', 'JavaScript', 'GitHub', 'Integration testing', 'React Native']","Full-time
$175,000 - $195,000 a year"
"Staff Backend Engineer, Rider Account","Via - 3.2
New York, NY","['CI/CD', 'Computer science', '7 years', 'Computer Science', 'Kubernetes', 'C#', 'Java', 'SQL', 'AWS', 'Analysis skills', 'C++', ""Bachelor's degree"", 'Paratransit', 'GitHub', 'APIs', 'Senior level', 'Jenkins', 'GitLab', 'Communication skills', 'Python', 'MySQL', 'Design patterns']","Full-time
$200,000 - $275,000 a year"
"Senior Software Engineer, Documentation","MongoDB - 3.6
New York, NY","['CI/CD', 'React', '5 years', 'Git', 'MongoDB', 'Gatsby', 'AWS', 'JavaScript', 'Senior level', 'AI', 'TypeScript', 'Communication skills']","$118,000 - $231,000 a year"
Analyst/Report Developer,"Hospital for Special Surgery - 4.2
New York, NY","['Mid-level', 'SQL', 'Analysis skills', ""Bachelor's degree"", 'Epic Certification', '2 years']","Full-time
$79,500 - $121,125 a year"
Frontend Engineer,"Tarro - 3.0
Long Island City, NY","['Rust', 'WebAssembly', 'CSS', 'React', 'Mid-level', 'Fundraising', 'S3', '2 years', 'Restaurant experience', 'TypeScript', 'HTML']","Full-time
$180,000 - $250,000 a year
14 days ago"
Software Developer: Generative AI,"D. E. Shaw & Co., L.P. - 4.1
New York, NY","['AI models', 'Law', 'Mid-level', 'Software development', 'AI', 'Generative AI']","Full-time
$200,000 - $250,000 a year"
Lead Software Engineer - C#/.Net - Neovest -New York,"JPMorganChase - 3.9
New York, NY","['CI/CD', 'Software troubleshooting', 'Trading', '5 years', 'C#', 'System design', 'English', 'UI design', '.NET', 'Application development', 'SOAP', 'Machine learning', 'Redis', 'RabbitMQ', 'REST', 'Software development', 'Agile', 'IT', 'Portfolio management', 'Kafka', 'Senior level', 'AI']","Full-time
$152,000 - $215,000 a year
10 days ago"
"Software Dev Engineer (SDE-T), Amazon Connect - Contact Control Panel","Amazon Development Center U.S., Inc. - 3.4
New York, NY","['Penetration testing', 'Computer science', 'Vulnerability assessment', 'Law', 'C#', 'System architecture', 'Test automation', 'NoSQL', 'Mid-level', 'Java', 'OOP', 'AWS', 'C++', 'Software development', 'Scalability', 'S3', 'Web services', 'Linux', '1 year', 'AI', 'AWS Lambda']","Full-time
$129,300 - $223,600 a year
8 hours ago"
Front-End Developer- AI Trainer,"DataAnnotation - 3.9
New York, NY","['Kotlin', 'Go', 'CSS', 'React', 'Writing skills', 'C#', 'English', 'Mid-level', 'Java', 'SQL', 'C++', 'C', ""Bachelor's degree"", 'JavaScript', 'Swift', 'AI', 'Grammar Experience', 'TypeScript', 'Python', 'HTML']","Contract
From $40 an hour"
"Specialist, Developer (Digital Personalization)","Macy’s - 3.6
New York, NY","['Web analytics', 'Management', 'CSS', 'Mid-level', ""Bachelor's degree"", 'JavaScript', 'APIs', 'Purchasing', 'IT', 'A/B testing', 'Data collection', 'Business requirements', 'Communication skills', 'Adobe Analytics', 'Multichannel marketing', 'HTML', 'Adobe Target', 'Stakeholder management']","$77,160 - $128,640 a year"
Platform Developer,"City National Bank - 3.6
New York, NY","['CI/CD', 'MCSA', 'Salesforce Certification', 'MCSE', 'Salesforce', 'Information Systems', 'Mid-level', ""Master's degree"", ""Bachelor's degree"", 'MTA', 'Systems engineering', 'Organizational skills', 'Software development', 'Agile', 'Financial services', 'Epic Certification', 'Unit testing', '4 years', 'Communication skills', 'Time management', 'SDLC']","$87,027 - $138,965 a year
10 days ago"
Senior Software Engineer - Scala,"Disney Entertainment & ESPN Technology - 3.4
New York, NY","['CI/CD', 'Computer science', 'Computer Science', 'Kubernetes', '5 years', 'Writing skills', 'Spark', 'System architecture', 'Java', 'Functional testing', 'AWS', ""Bachelor's degree"", 'Scala', 'Terraform', 'Software development', 'APIs', 'S3', 'Integration testing', 'Apache', 'DynamoDB', 'Senior level', 'Jenkins', 'Python', 'Design patterns']","$138,900 - $203,900 a year
2 days ago"
Software Engineer II (C# .NET WinForms),"Management Science Associates - 2.8
United States","['RDBMS', 'Computer science', 'Power BI', 'Management', 'Computer Science', 'Relational databases', '5 years', 'Visual Studio', 'C#', 'Microsoft SQL Server', 'SSRS', '.NET', 'Database management', ""Bachelor's degree"", 'Data management', 'Software development', 'IT', 'Unit testing', 'Systems analysis', 'Manufacturing', 'Senior level', 'Communication skills', 'Python', 'SDLC']","Full-time
Estimated: $104K - $132K a year"
Website Development Engineer II - Web Enablement,"Datadog - 3.9
New York, NY","['Node.js', 'Bootstrap', 'Web development', 'Google Tag Manager', 'Google Cloud Platform', 'Mid-level', '3 years', 'AWS', 'JavaScript', 'SCSS', 'Terraform', 'ECMAScript', 'SASS', 'SEO', 'Figma', 'GitLab', 'HTML']","$102,000 - $131,000 a year
2 days ago"
Full-Stack Software Engineer,"Tennr
New York, NY","['AI models', 'Full-stack development', 'Mid-level', '3 years', 'Machine learning', 'JavaScript', 'AI', 'TypeScript', 'Communication skills']","Full-time
$180,000 - $240,000 a year"
"Software Engineer (L5), Ads Identity Graph","Netflix - 3.9
New York, NY","['Data modeling', 'Adtech', 'Big data', 'Spark', 'Mid-level', 'Snowflake', 'Host/hostess experience', 'Algorithms', 'Distributed systems', 'Martech', 'Negotiation']","Full-time
$100,000 - $720,000 a year"
Kubernetes Engineer,"QSS - 3.9
Manhattan, NY","['Kubernetes', 'Mid-level']","Full-time
Estimated: $106K - $122K a year
2 days ago"
"Machine Learning, Software Engineer","PermitFlow
New York, NY","['Scikit-learn', 'TensorFlow', 'Elasticsearch', 'Bluebeam', 'Azure', 'Law', 'PyTorch', 'Software deployment', 'Google Cloud Platform', 'Mid-level', '3 years', 'AWS', 'Machine learning', 'Model deployment', 'Natural language processing', 'Machine learning libraries', 'AI', 'Python', 'ProCore']","Full-time
$190,000 - $215,000 a year
2 days ago"
"Software Dev Engineer II, AWS Clean Rooms","Amazon Web Services, Inc. - 3.4
New York, NY","['Computer science', 'Pricing', 'Computer Science', 'Mid-level', '3 years', 'AWS', ""Bachelor's degree"", 'Distributed systems', 'APIs', 'DynamoDB', 'SDLC', 'Design patterns']","Full-time
$129,300 - $223,600 a year
8 hours ago"
"Backend Software Engineer, Infrastructure Platform","TikTok - 3.4
New York, NY","['Web design', 'Computer science', 'Go', 'Computer Science', 'Bachelor of Science', 'UNIX', 'Mid-level', 'Java', 'C++', 'C', ""Bachelor's degree"", 'Software development', 'Linux', 'Python']","$136,800 - $280,000 a year"
"Software Development Engineer, Twitch Advertising","Amazon.com Services LLC - 3.5
New York, NY","['Computer science', 'Computer Science', 'Mid-level', '3 years', ""Bachelor's degree"", 'SDLC', 'Design patterns']","Full-time
$129,300 - $223,600 a year
1 day ago"
Backend Team Lead,"Audicus - 4.0
New York, NY","['5 years', 'Databases', 'Business development', 'Project management', 'Telehealth', 'Back-end development', 'Senior level', 'Communication skills', 'Python', 'Marketing']","$180,000 - $200,000 a year"
"Software Dev Engineer II, AWS Clean Rooms","Amazon Development Center U.S., Inc. - 3.4
New York, NY","['Computer science', 'Pricing', 'Computer Science', 'Mid-level', '3 years', 'AWS', ""Bachelor's degree"", 'Distributed systems', 'APIs', 'DynamoDB', 'SDLC', 'Design patterns']","Full-time
$129,300 - $223,600 a year
8 hours ago"
"Software Engineer 3, AI","The Farmer's Dog - 3.5
New York, NY","['CI/CD', 'Data modeling', 'Node.js', 'Customer retention', 'React', 'Mid-level', 'Analysis skills', 'JavaScript', 'Mentoring', 'Angular', 'Software development', 'Budgeting', 'Vue.js', 'AI', 'Leadership', 'TypeScript', 'Communication skills', 'Design patterns']","$155,000 - $175,000 a year
14 days ago"
Engineer (React.js & JavaScript),"Cenzen Media
New York, NY","['CI/CD', 'CSS', 'React', 'RESTful API', 'Software deployment', 'Git', 'Mid-level', 'UI design', 'JavaScript', 'SCSS', 'ECMAScript', 'Adobe XD', 'Redux', 'SEO', 'UX', 'APIs', 'Agile', 'Front-end development', 'GraphQL', 'Figma', '2 years', 'TypeScript', 'HTML']","$30 - $50 an hour
3 days ago"
"Software Engineer, Web (7+ years of experience)","Captions - 4.0
New York, NY","['7 years', 'WebAssembly', 'React', 'Express.js', 'Angular', 'Software development', 'Vue.js', 'Senior level', 'AI']","Full-time
$170,000 - $220,000 a year"
Sr. Full Stack Engineer,"Adobe - 4.3
New York, NY","['Elixir', 'Node.js', 'WebAssembly', 'React', 'Data structures', 'Docker', 'Product development', 'Terraform', 'REST', 'Redux', 'Software development', 'APIs', 'Unit testing', 'GraphQL', 'Senior level']","Full-time
$153,600 - $286,600 a year
3 days ago"
iOS Software Engineer,"Suno - 4.2
New York, NY","['iOS development', 'RESTful API', 'iOS', 'Mid-level', '3 years', 'Computer networking', 'Swift', 'Communication skills']","Full-time
$130,000 - $180,000 a year"
Software Developer - AI Trainer,"DataAnnotation - 3.9
New York, NY","['Kotlin', 'Go', 'CSS', 'React', 'Writing skills', 'C#', 'English', 'Mid-level', 'Java', 'SQL', 'C++', 'C', ""Bachelor's degree"", 'JavaScript', 'Swift', 'AI', 'Grammar Experience', 'TypeScript', 'Python', 'HTML']","Contract
From $40 an hour"
"Staff iOS Software Engineer, Gameday","GameChanger - 3.4
New York, NY","['Kotlin', 'Node.js', 'iOS development', 'iOS', 'Mid-level', 'AWS', 'Continuous improvement', 'PostgreSQL', 'Redis', 'Organizational skills', 'Sports', 'APIs', 'Swift', 'Android development', 'TypeScript']","Full-time
$200,000 - $240,000 a year"
Software Test Engineer,"CBOE - 3.5
New York, NY","['Computer Science', 'Trading', 'System architecture', 'Test automation', 'Git', 'Mid-level', 'Windows', 'E-commerce', 'Java', 'SQL', 'AWS', 'C++', ""Bachelor's degree"", 'PostgreSQL', 'Computer Engineering', 'Organizational skills', 'Software development', 'IT', 'Linux', '1 year', 'Jenkins', 'Communication skills', 'Python', 'HTML', 'Information Technology']","Full-time
$93,500 - $115,500 a year
2 days ago"
"Machine Learning Engineer II, Personalization","Spotify - 4.1
New York, NY","['Scikit-learn', 'TensorFlow', 'Law', 'PyTorch', 'Mid-level', 'Java', 'Machine learning', 'Scala', 'AI', 'Python', 'Under 1 year']","Permanent
$138,250 - $197,500 a year"
iOS Engineer,"Stash
New York, NY","['Computer science', 'Computer Science', 'iOS development', 'Test-driven development', 'Mid-level', ""Master's degree"", ""Bachelor's degree"", 'Swift', 'Maven', '2 years']","Temp-to-hire | Full-time
$68 an hour
3 days ago"
Sr. Software Quality Engineer,"Kohler - 3.4
New York, NY","['CI/CD', 'Computer Science', 'Internet of things', '5 years', 'iOS', 'Firmware', 'Test automation', 'Information security', 'Software quality assurance', ""Bachelor's degree"", 'Senior level', 'AI', 'Python']","$114,500 - $168,722 a year
4 days ago"
"Software Development Engineer, Amazon Ads","Amazon.com Services LLC - 3.5
New York, NY","['Computer science', 'Computer Science', 'React', 'Full-stack development', 'Mid-level', '3 years', 'Java', ""Bachelor's degree"", 'Machine learning', 'JavaScript', 'APIs', 'HTML', 'SDLC', 'Design patterns']","Full-time
$129,300 - $223,600 a year"
Options: Software Developer,"D. E. Shaw & Co., L.P. - 4.1
New York, NY","['Management', 'Trading', 'Mid-level', '3 years', 'Java', 'Software development', 'Leadership']","Full-time
$200,000 - $325,000 a year"
Software Engineer - Full-Stack,"Accrete - 3.0
New York, NY","['CI/CD', 'Data modeling', 'Management', 'Node.js', 'React', 'Kubernetes', 'RESTful API', 'Full-stack development', 'Software deployment', 'DevOps', 'NoSQL', 'Git', 'Google Cloud Platform', 'Mid-level', '3 years', 'Databases', 'Microservices', 'SQL', 'AWS', 'Docker', 'Machine learning', 'JavaScript', 'Back-end development', 'Angular', 'Django', 'APIs', 'Scalability', 'IT', 'Construction', 'Vue.js', 'Flask', 'AI']","Full-time
$140,000 - $190,000 a year
2 days ago"
"Sr. Software Engineer, Frontend","Peloton - 3.2
New York, NY","['Web accessibility', 'Growing experience', '6 years', 'CSS', 'React', 'Web development', 'Responsive web design', 'E-commerce', 'JavaScript', 'UX', 'Agile', 'A/B testing', 'Unit testing', 'Vue.js', 'Senior level', 'TypeScript', 'Analytics', 'Mobile design']","$173,478 - $234,196 a year
2 days ago"
Software Engineer,"Point72 - 4.2
New York, NY","['CI/CD', '6 years', 'Computer Science', 'Software troubleshooting', 'Full-stack development', 'DevOps', '.NET', ""Master's degree"", ""Bachelor's degree"", 'Data science', 'Senior level', 'Communication skills', 'Python']","$125,000 - $175,000 a year"
Senior Back-End Developer with Front-End Expertise,"United partners
New York, NY","['React', 'Full-stack development', '5 years', 'AI integration', 'Laravel', 'Git', 'PHP', 'JavaScript', 'Back-end development', 'Senior level', 'HTML']","Full-time
$80,000 - $165,000 a year"
"Front End Engineer (FEE) II, Amazon Connect - Contact Control Panel","Amazon Development Center U.S., Inc. - 3.4
New York, NY","['Computer science', 'Node.js', 'Law', 'CSS', 'React', 'Data structures', 'OOP', 'AWS', 'Analysis skills', 'JavaScript', 'Angular', 'Software development', 'Agile', 'S3', '1 year', 'AI', 'TypeScript', 'Entry level', 'HTML', 'AWS Lambda']","Full-time
$129,300 - $223,600 a year
1 day ago"
C++ Developer,"Blue Peak Group LLC
New York, NY","['7 years', 'Object-oriented modeling', 'Computer Science', 'Trading', 'Mid-level', 'Finance', ""Master's degree"", 'Algorithms', 'OOP', 'Analysis skills', 'C++', ""Bachelor's degree"", 'Software development', 'Multithreading', 'Communication skills', 'Design patterns']","Contract
$80 - $82 an hour"
Staff Software Engineer - Backend,"ResortPass
New York, NY","['Node.js', 'MongoDB', 'AWS', 'Ruby on Rails', 'Senior level']","$200,000 - $240,000 a year"
Frontend Software Engineer III,"Sunbound - 3.0
New York, NY","['Computer science', 'React', 'Web development', 'Bachelor of Science', 'Writing skills', ""Master's degree"", 'Senior care', ""Bachelor's degree"", 'Redux', 'Software development', 'Senior level', '4 years', 'Figma', 'TypeScript', 'Communication skills']","Full-time
$130,000 - $160,000 a year
8 days ago"
C++ Developer,"GFT Technologies SE - 4.2
New York, NY","['CI/CD', 'Computer science', '7 years', 'Management', 'Computer Science', 'Trading', 'Kubernetes', 'Test automation', 'C++', 'Docker', ""Bachelor's degree"", 'Computer networking', 'Agile', 'Financial services', 'Test cases', 'Integration testing', 'Unit testing', 'Senior level', 'Multithreading', 'Communication skills', 'Banking']","Contract
$900 a day
20 hours ago"
C# Developer,"INFOTRON - 4.0
New York, NY","['Management', 'Computer Science', '5 years', 'C#', 'Git', '.NET', 'SOAP', 'SQL', 'OOP', ""Bachelor's degree"", 'SVN', 'REST', 'IT', 'Financial services', 'Senior level', 'Information Technology']","Full-time
$110,000 a year"
"Software Development Engineer, Amazon Connect - Contact Control Panel","Amazon Development Center U.S., Inc. - 3.4
New York, NY","['Computer science', 'Law', 'Computer Science', 'React', 'Mid-level', '3 years', 'AWS', ""Bachelor's degree"", 'S3', 'AI', 'SDLC', 'Design patterns', 'AWS Lambda']","Full-time
$129,300 - $223,600 a year
1 day ago"
Frontend Software Engineer - React / Typescript (Backstage),"Cast & Crew - 4.0
New York, NY","['Management', 'React', 'Kanban', 'DevOps', 'iOS', 'Accounting software', 'Mid-level', 'Application development', 'Project management', 'Back-end development', 'Redux', 'Django', 'Front-end development', '4 years', 'TypeScript', 'Communication skills', 'Python']","Full-time
$140,000 - $145,000 a year"
Platform Developer,"City National Bank - 3.6
New York, NY","['CI/CD', 'MCSA', 'Salesforce Certification', 'MCSE', 'Salesforce', 'Information Systems', 'Mid-level', ""Master's degree"", ""Bachelor's degree"", 'MTA', 'Systems engineering', 'Organizational skills', 'Software development', 'Agile', 'Financial services', 'Epic Certification', 'Unit testing', '4 years', 'Communication skills', 'Time management', 'SDLC']","$87,027 - $138,965 a year
10 days ago"
Software Engineer II (C# .NET WinForms),"Management Science Associates - 2.8
United States","['RDBMS', 'Computer science', 'Power BI', 'Management', 'Computer Science', 'Relational databases', '5 years', 'Visual Studio', 'C#', 'Microsoft SQL Server', 'SSRS', '.NET', 'Database management', ""Bachelor's degree"", 'Data management', 'Software development', 'IT', 'Unit testing', 'Systems analysis', 'Manufacturing', 'Senior level', 'Communication skills', 'Python', 'SDLC']","Full-time
Estimated: $104K - $132K a year"
"Software Dev Engineer - Amazon Connect, Amazon Connect - Identity Management and Access Control","Amazon Development Center U.S., Inc. - 3.4
New York, NY","['Computer science', 'Computer Science', 'NoSQL', 'Mid-level', '3 years', 'AWS', ""Bachelor's degree"", 'S3', 'Service-oriented architecture', 'AI', 'SDLC', 'Design patterns', 'AWS Lambda']","Full-time
$129,300 - $223,600 a year"
"Software Engineer, iOS","current - 5.0
New York, NY","['Kotlin', 'MVC', 'iOS development', 'Mobile applications', 'iOS', 'System design', 'Mid-level', 'Computer networking', 'Swift', 'Multithreading', 'gRPC']","$150,000 - $200,000 a year"
Senior Software Engineer (Experience Team),"Pinecone - 3.5
New York, NY","['Rust', 'Go', 'Node.js', 'RESTful API', 'Web development', 'Full-stack development', '5 years', 'Big data', 'Data structures', 'Back-end development', 'Senior level', 'AI', 'Python']","Full-time
$175,000 - $210,000 a year
1 day ago"
Full Stack Engineer,"Trepp - 4.0
New York, NY","['Computer science', 'Node.js', 'Computer Science', 'React', 'Full-stack development', 'DevOps', 'Mid-level', '3 years', 'Docker', ""Bachelor's degree"", 'JavaScript', 'GitHub', 'APIs', 'AI', 'TypeScript']","From $125,000 a year
5 days ago"
"Senior Software Engineer, Full Stack","Biograph
New York, NY","['Full-stack development', 'Mid-level', '3 years', 'Django', 'Python', 'React Native']","$150,000 - $200,000 a year"
DevOps Engineer (NYC),"US Mobile - 3.6
New York, NY","['CI/CD', 'Computer science', 'Cloud infrastructure', 'Management', 'Computer Science', 'Software Engineering', 'Kubernetes', 'DevOps', '5G', 'Git', 'Google Cloud Platform', 'Mid-level', 'Bash', 'Database administration', 'Docker', ""Bachelor's degree"", 'Terraform', 'Continuous integration', 'Scripting', 'Agile', 'CircleCI', 'Jenkins', 'GitLab', 'Communication skills', 'Python', 'PowerShell', 'Shell Scripting']","Full-time
$140,000 - $200,000 a year
14 days ago"
Software Development Engineer,"Amazon.com Services LLC - 3.5
New York, NY","['Computer science', 'Computer Science', 'Mid-level', '3 years', 'AWS', ""Bachelor's degree"", 'SDLC', 'Design patterns']","Full-time
$129,300 - $223,600 a year
8 days ago"
Staff Machine Learning Engineer,"Ramp Financial
New York, NY","['Looker', 'PyTorch', '5 years', 'NumPy', 'Snowflake', 'SQL', 'Pandas', ""Bachelor's degree"", 'Machine learning', 'Back-end development', 'Purchasing', 'Fraud prevention and detection', 'Senior level', 'Python']","Full-time
$185,000 - $315,000 a year
9 days ago"
"Staff Software Engineer, Infrastructure","Suno - 4.2
New York, NY","['Management', 'Kubernetes', 'Google Cloud Platform', 'AWS', 'Docker', 'Terraform', 'Senior level', 'Leadership']","Full-time
$170,000 - $240,000 a year"
Software Engineer,"Yext - 3.8
New York, NY","['Computer Science', 'Bachelor of Science', 'Data structures', 'Mid-level', 'Java', 'Algorithms', 'C++', ""Bachelor's degree"", '4 years', 'Python']","$119,700 - $258,000 a year
14 days ago"
Senior Software Engineer,"Dow Jones - 3.9
New York, NY","['Computer science', 'Node.js', 'CSS', 'React', 'Full-stack development', 'Software deployment', 'Test-driven development', 'Mid-level', 'AWS', 'Express.js', 'Docker', 'JavaScript', 'Terraform', 'Redis', '2 years', 'Communication skills', 'HTML']","$110,000 - $140,000 a year
3 days ago"
Software Engineer,"Sixth Street - 5.0
New York, NY","['Jira', 'CI/CD', 'Computer science', 'Computer Science', 'UNIX', 'NoSQL', 'Mid-level', 'Snowflake', 'AWS', 'Project management', 'Docker', 'PostgreSQL', 'Software development', 'GitHub', '2 years', 'Communication skills', 'Python', 'Shell Scripting']","Permanent | Full-time
$110,000 - $150,000 a year"
Software Engineer,"Goliath Partners
New York, NY","['Computer Science', 'Bachelor of Science', 'Data structures', 'Mid-level', 'Pandas', 'AWS', ""Bachelor's degree"", 'Machine learning', 'Physics', 'Flask', 'Python']","$130,000 - $350,000 a year"
Backend Developer,"Benefit Funds Office - 4.0
New York, NY","['ASP.NET', 'Computer science', 'Computer Science', 'CSS', 'Software troubleshooting', 'Web development', 'C#', 'Microsoft SQL Server', 'Git', 'Mid-level', '.NET', ""Bachelor's degree"", 'SVN', 'JavaScript', 'Back-end development', 'COBOL', 'Software development', 'Agile', 'TFS', '2 years', 'Communication skills', 'HTML']","Full-time
From $75,000 a year
22 hours ago"
JavaScript & Angular Developer,"Cenzen Media
New York, NY","['CI/CD', 'AJAX', 'CSS', 'RESTful API', 'Software deployment', 'DevOps', 'Git', 'Mid-level', 'Responsive web design', 'JavaScript', 'SASS', 'Angular', 'UX', 'Agile', 'Front-end development', 'Less', 'UI', 'JSON', '2 years', 'TypeScript', 'HTML']","$30 - $60 an hour
3 days ago"
Machine Learning Engineer (Remote),"DataKind - 5.0
New York, NY","['Management', 'RESTful API', 'Data structures', 'Git', 'Google Cloud Platform', '3 years', 'Databases', 'Algorithms', 'SQL', 'Machine learning', 'PostgreSQL', 'Organizational skills', 'Software development', 'APIs', 'ETL', 'Cloud computing', 'Predictive analytics', 'Senior level', 'SaaS', 'Data warehouse', 'Python']","$106,000 - $120,000 a year
16 hours ago"
Senior Python Engineer,"Runwise - 5.0
New York, NY","['5 years', 'Senior level', 'Python']","$140,000 - $190,000 a year"
"Software Engineer, Cloud Infrastructure","CLEAR - Corporate - 2.4
New York, NY","['Cloud infrastructure', 'Kubernetes', 'Load balancing', 'Bash', 'Firewall', 'AWS', 'Terraform', 'Splunk', 'BGP', 'Computer networking', 'APIs', 'Linux', 'Senior level', 'Python', 'Shell Scripting', 'NGINX']","$150,000 - $180,000 a year
4 days ago"
Senior Software Engineer - Scala,"Disney Entertainment & ESPN Technology - 3.4
New York, NY","['CI/CD', 'Computer science', 'Computer Science', 'Kubernetes', '5 years', 'Writing skills', 'Spark', 'System architecture', 'Java', 'Functional testing', 'AWS', ""Bachelor's degree"", 'Scala', 'Terraform', 'Software development', 'APIs', 'S3', 'Integration testing', 'Apache', 'DynamoDB', 'Senior level', 'Jenkins', 'Python', 'Design patterns']","$138,900 - $203,900 a year
2 days ago"
Sr Software Engineer,"Disney Entertainment & ESPN Technology - 3.4
New York, NY","['Computer Science', 'System architecture', 'NoSQL', 'Information Systems', 'AWS', ""Bachelor's degree"", 'Distributed systems', 'Scala', 'Sports', 'S3', 'DynamoDB', 'Senior level']","$138,900 - $203,900 a year
1 day ago"
Software Engineer,"Evolve ESolutions LLC
Hoboken, NJ","['7 years', 'Go', 'Computer Science', 'React', 'E-commerce', 'Java', ""Bachelor's degree"", 'Computer Information Systems', 'Software development', 'F#', 'Agile', 'Senior level', '2 years', 'Python']","Contract
$70 - $75 an hour
1 day ago"
"Software Development Engineer II CreativeX, Amazon","Amazon.com Services LLC - 3.5
New York, NY","['Computer science', 'Computer Science', 'Mid-level', '3 years', ""Bachelor's degree"", 'Software development', 'APIs', 'SDLC', 'Design patterns']","Full-time
$129,300 - $223,600 a year"
Sr. Software Engineer II - Frontend,"DoubleVerify - 3.4
New York, NY","['Management', 'CSS', 'React', 'D3.js', '5 years', 'JavaScript', 'Django', 'UX', 'Organizational skills', 'APIs', 'Data visualization', 'Senior level', 'Communication skills']","$102,000 - $202,000 a year
1 day ago"
Senior Backend Software Engineer,"S&P Global - 3.9
New York, NY","['Law', 'Kubernetes', 'RESTful API', '5 years', 'Data structures', 'Git', 'Algorithms', 'Docker', 'Machine learning', 'PostgreSQL', 'Natural language processing', 'Django', 'Text classification', 'APIs', 'Senior level', 'AI', 'Jenkins', 'Communication skills', 'Python', 'SDLC']","$150,000 - $225,000 a year"
"Software Development Engineer, AWS Marketplace","Amazon Web Services, Inc. - 3.4
New York, NY","['Computer science', 'Computer Science', 'Mid-level', '3 years', 'AWS', ""Bachelor's degree"", 'Machine learning', 'Software development', 'Communication skills', 'SDLC', 'Design patterns']","Full-time
$129,300 - $223,600 a year"
Senior Backend Software Engineer,"GreenLite
New York, NY","['5 years', 'SQL', 'PostgreSQL', 'Software development', 'APIs', 'Senior level']","Full-time
$178,000 - $201,000 a year"
Senior Software Engineer,"ThriveFantasy
New York, NY","['CI/CD', 'Cloud infrastructure', 'Management', 'Node.js', 'Full-stack development', 'Relational databases', 'Software deployment', 'Mid-level', '3 years', 'Databases', 'Terraform', 'GitHub', ""Associate's degree"", 'React Native', 'MySQL']","Full-time
$130,000 - $160,000 a year
11 days ago"
Senior Software Engineer,"Orbis - 3.3
New York, NY","['.NET', 'C++', 'Financial services', 'Senior level']","Contract
$1,000 a day
1 day ago"
Senior Front-End Engineer,"Mastercard - 4.0
New York, NY","['CI/CD', 'Cloud infrastructure', 'Node.js', 'React', 'DevOps', 'Data structures', 'NoSQL', 'PaaS', 'Test-driven development', 'Information security', 'BDD', 'JavaScript', 'Scala', 'Angular', 'Software development', 'Agile', 'Vue.js', 'Senior level', 'TypeScript', 'IaaS', 'Design patterns']","Full-time
$138,000 - $221,000 a year
12 days ago"
"Senior Software Engineer, 1","Dotdash Meredith - 3.1
New York, NY","['Jira', 'Node.js', 'Computer Science', 'CSS', 'React', 'Web development', 'Full-stack development', '5 years', 'Git', ""Bachelor's degree"", 'JavaScript', 'SCSS', 'ECMAScript', 'REST', 'Computer Engineering', 'Angular', 'APIs', 'Vue.js', 'Senior level', 'TypeScript', 'HTML', 'SDLC', 'Information Technology']","Full-time
$145,000 - $160,000 a year"
"Full-Stack Lead Engineer, 25madison","25madison - 5.0
New York, NY","['CI/CD', 'Cloud infrastructure', 'Rust', 'Go', 'Node.js', 'React', 'Full-stack development', '5 years', 'Google Cloud Platform', 'AWS', 'Back-end development', 'GitHub', 'Data science', 'Senior level', 'Leadership', 'TypeScript', 'Communication skills', 'Python']","Full-time
$170,000 - $210,000 a year
3 days ago"
Staff Software Engineer,"CLEAR - Corporate - 2.4
New York, NY","['Data modeling', 'React', 'Kubernetes', 'Java', 'Application development', 'AWS', 'Docker', 'Cloud development', 'JavaScript', 'Software development', 'GitHub', '9 years', 'Senior level', 'TypeScript', 'Python']","$215,000 - $250,000 a year"
"Senior Software Engineer, NYC","Multiverse - 3.8
New York, NY","['5 years', 'DevOps', 'Senior level', 'AI', 'TypeScript']","Full-time
$130,000 - $195,000 a year"
"Software Engineer, iOS (3+ years of experience)","Captions - 4.0
New York, NY","['Computer science', 'Data structures', 'iOS', 'Mid-level', '3 years', 'Algorithms', 'RxSwift', 'AI']","Full-time
$140,000 - $175,000 a year"
Software Engineer II,"Peloton - 3.2
New York, NY","['Performance tuning', 'iOS development', 'RESTful API', 'iOS', 'Git', 'Mid-level', 'Application development', 'Analysis skills', 'APIs', 'Mac OS', 'Agile', '2 years', 'Debugging']","$115,772 - $150,504 a year"
Full Stack (Backend) Software Engineer II - Employee Experience,"Rippling - 1.8
New York, NY","['Go', 'Management', 'React', 'Full-stack development', 'Mid-level', 'Java', 'Product management', 'LMS', '2 years', 'Python']","Full-time
$135,000 - $236,250 a year"
"Staff Software Engineer, Backend","Metropolis - 3.3
New York, NY","['Computer science', 'B2C', 'Java', 'Distributed systems', 'Scala', 'Senior level', 'AI', 'Leadership', 'Communication skills', '10 years']","$220,000 - $250,000 a year"
Senior Software Engineer (Python),"Hatch - 4.0
New York, NY","['CI/CD', 'Kubernetes', 'RESTful API', '5 years', 'Software deployment', 'Test automation', 'NoSQL', 'Google Cloud Platform', 'MongoDB', 'Databases', 'AWS', 'Docker', 'PostgreSQL', 'REST', 'Django', 'GitHub', 'APIs', 'CircleCI', 'GraphQL', 'Flask', 'Senior level', 'Jenkins', 'Python']","Full-time
$150,000 - $200,000 a year"
SharePoint Application Developer,"BRC
New York, NY","['Computer science', 'Computer Science', 'CSS', 'Web development', 'DocuSign', '5 years', 'Microsoft Office', 'SQL', ""Bachelor's degree"", 'JavaScript', 'SharePoint', 'Agile', 'Metadata', 'Senior level', 'jQuery', 'HTML']","Temporary | Full-time
$55 - $65 an hour"
Principal Performance Engineer (Trading),"Fidelity Investments - 4.0
Jersey City, NJ","['Computer science', 'Ethereum', 'Oracle', 'Computer Science', 'Relational databases', 'Cucumber', 'Test automation', 'Employment & labor law', 'Selenium', 'Performance testing', 'Java', 'Databases', 'SQL', 'AWS', ""Bachelor's degree"", 'Splunk', 'Scripting', 'Scrum', 'Agile', 'IT', 'S3', 'Senior level', 'Cryptocurrency', 'Mechanical knowledge', 'Python', 'Shell Scripting', '10 years']","$85,000 - $179,000 a year"
Lead Software Engineer - DevOps,"Williams-Sonoma, Inc. - 3.4
Brooklyn, NY","['CI/CD', 'Computer science', 'Node.js', 'Computer Science', 'Kubernetes', 'DevOps', 'Git', 'Java', '8 years', 'Docker', ""Bachelor's degree"", 'SRE', 'GitHub', 'Senior level', 'Maven', 'Groovy', 'Jenkins', 'Communication skills', 'Python', 'Shell Scripting', 'SDLC']","$135,000 - $165,000 a year"
Machine Learning Engineer,"Career Vest
New York, NY","['Scikit-learn', 'Statistics', 'Computer science', 'Data modeling', 'PyTorch', 'Bachelor of Science', 'Data structures', 'R', 'Mid-level', '3 years', 'Java', ""Master's degree"", ""Bachelor's degree"", 'Machine learning', '1 year', 'Hindi', 'Keras', 'Machine learning frameworks', '2 years', 'Communication skills', 'Python', 'Software architecture']","Full-time
$186,120 - $207,086 a year"
"Staff Software Engineer, Backend","GlossGenius - 3.5
New York, NY","['Kotlin', 'React', 'System design', 'No experience needed', '3 years', 'Distributed systems', 'Ruby', 'Senior level', 'Leadership', 'React Native', 'Design patterns']","$219,500 - $258,000 a year"
Principal Software Engineer,"Genentech - 4.0
New York, NY","['React', 'PyTorch', 'Responsive web design', 'SQL', 'Machine learning', 'Angular', '1 year', 'Senior level', 'AI', 'Leadership', 'Python']","Full-time
$145,100 - $269,500 a year"
"Senior Software Engineer - Full-Stack, React","Disney Entertainment & ESPN Technology - 3.4
New York, NY","['Azure', 'Computer Science', 'React', 'Full-stack development', '5 years', 'NoSQL', 'Google Cloud Platform', 'Information security', 'Java', 'AWS', ""Bachelor's degree"", 'Machine learning', 'JavaScript', 'Scala', 'REST', 'Scripting', 'Sports', 'S3', 'DynamoDB', 'Senior level', 'Python']","$138,900 - $203,900 a year
3 hours ago"
Lead Python Engineer,"ION - 1.9
New York, NY","['CI/CD', 'Management', 'Software troubleshooting', 'Agile', 'Flask', 'Senior level', '2 years', 'Python']","Full-time
$140,000 - $250,000 a year"
Staff Full Stack Software Engineer (Backend) - Employee Experience,"Rippling - 1.8
New York, NY","['Go', 'React', 'Full-stack development', 'Java', '8 years', 'Product management', 'Senior level', 'Python']","Full-time
$180,000 - $315,000 a year"
Software Engineer - Backend,"dYdX - 5.0
New York, NY","['Computer science', 'Node.js', 'Computer Science', 'Blockchain', 'Mid-level', ""Master's degree"", ""Bachelor's degree"", 'JavaScript', 'PostgreSQL', 'REST', 'Contracts', 'APIs', '1 year', 'TypeScript', 'Python']","Full-time
$150,000 - $250,000 a year"
Sr. DevOps Engineer,"Adobe - 4.3
New York, NY","['CI/CD', 'Computer science', 'Cloud infrastructure', 'Azure', 'Kubernetes', '5 years', 'DevOps', 'Windows', 'Bash', 'AWS', 'Docker', ""Bachelor's degree"", 'JavaScript', 'PostgreSQL', 'Terraform', 'Scripting', 'GitHub', 'IT', 'CircleCI', 'DynamoDB', 'Senior level', 'Python', 'Shell Scripting', 'AWS Certified DevOps Engineer – Professional']","Full-time
$153,600 - $286,600 a year
10 days ago"
"Software Development Manager, Amazon Connect","Amazon Development Center U.S., Inc. - 3.4
New York, NY","['Program management', 'Management', '3 years', 'AWS', 'Team management', 'Product management', 'Mentoring', 'Recruiting', 'S3', 'Web services', 'Senior level', 'AI', 'Leadership', 'Design patterns', 'AWS Lambda']","Full-time
$166,400 - $287,700 a year
8 hours ago"
"Software Engineer II, DevOps",N/A,['N/A'],N/A
Full-stack Software Engineer,"ACLU - 4.2
New York, NY","['CI/CD', 'Cloud infrastructure', 'Azure', 'Node.js', 'React', 'DevOps', 'Content management systems', 'Google Cloud Platform', 'Mid-level', 'AWS', 'Docker', 'JavaScript', 'PostgreSQL', 'Terraform', 'SASS', 'Angular', 'Vulnerability management', 'Redshift', 'Vue.js', 'Flask', 'Python']","Full-time
$132,566 a year"
"Manager, Software Engineering","Disney Entertainment & ESPN Technology - 3.4
New York, NY","['Computer Science', 'Kanban', 'Information Systems', 'Research', '3 years', ""Bachelor's degree"", 'JavaScript', 'Sports', 'APIs', 'Front-end development', 'Senior level', 'Communication skills']","$175,800 - $246,400 a year
3 days ago"
Staff Software Engineer,"Ramp Financial
New York, NY","['Azure', 'Google Cloud Platform', 'Snowflake', 'SQL', 'AWS', 'Machine learning', 'Terraform', 'Purchasing', 'Data science', 'Redshift', 'Senior level', 'AI', 'Python']","Full-time
$246,900 - $339,500 a year"
"Software Engineer, Services","Canoe Intelligence - 5.0
New York, NY","['Computer science', 'Computer Science', 'RESTful API', '5 years', ""Master's degree"", 'Microservices', 'AWS', 'Docker', ""Bachelor's degree"", 'PostgreSQL', 'REST', 'APIs', 'Kafka', 'Senior level', 'TypeScript', 'Python']","$130,000 - $165,000 a year"
"Software Developer, Item Relationships","Amazon.com Services LLC - 3.5
New York, NY","['Computer science', 'Computer Science', 'Mid-level', '3 years', ""Bachelor's degree"", 'Machine learning', 'SDLC', 'Design patterns']","Full-time
$129,300 - $223,600 a year"
"Sr. Software Development Engineer, Amazon Connect Cases (AWS)","Amazon.com Services LLC - 3.5
New York, NY","['Computer science', 'Computer Science', '5 years', 'NoSQL', 'AWS', ""Bachelor's degree"", 'Mentoring', 'Software development', 'S3', 'Service-oriented architecture', 'Senior level', 'AI', 'Leadership', 'SDLC', 'Design patterns', 'AWS Lambda']","Full-time
$151,300 - $261,500 a year"
"Senior Full Stack iOS Software Engineer, Computer Vision","GameChanger - 3.4
New York, NY","['Growing experience', 'Management', 'iOS development', 'Computer vision', '5 years', 'Mobile applications', 'iOS', 'Application development', 'Machine learning', 'Sports', 'Senior level', 'Multithreading']","Full-time
$160,000 - $200,000 a year
5 days ago"
Software Developer - AI Trainer,"DataAnnotation - 3.9
New York, NY","['Kotlin', 'Go', 'CSS', 'React', 'Writing skills', 'C#', 'English', 'Mid-level', 'Java', 'SQL', 'C++', 'C', ""Bachelor's degree"", 'JavaScript', 'Swift', 'AI', 'Grammar Experience', 'TypeScript', 'Python', 'HTML']","Contract
From $40 an hour"
Back End Developer,"Technology Holdings North America Inc. - 3.0
New York, NY","['Cloud infrastructure', 'Go', 'Cassandra', 'Kubernetes', 'UNIX', 'Google Cloud Platform', '3 years', 'Bash', 'Databases', '8 years', 'AWS', 'Docker', 'Distributed systems', 'Terraform', 'Redis', 'Back-end development', 'Scripting', 'APIs', 'Senior level', 'Shell Scripting']","Full-time
$150,000 - $200,000 a year"
Back-End JAVA Developer- NYC/NJ ONLY! (NO REMOTE APPLICANTS),"LiveCare
New York, NY","['Spring Boot', 'Mid-level', 'Java', 'AWS', 'JavaScript', 'REST', 'APIs', '1 year', '2 years', 'Spring', 'MySQL', 'AWS Lambda']","Full-time
$80,000 - $100,000 a year"
"Specialist, Developer (Digital Personalization)","Macy’s - 3.6
New York, NY","['Web analytics', 'Management', 'CSS', 'Mid-level', ""Bachelor's degree"", 'JavaScript', 'APIs', 'Purchasing', 'IT', 'A/B testing', 'Data collection', 'Business requirements', 'Communication skills', 'Adobe Analytics', 'Multichannel marketing', 'HTML', 'Adobe Target', 'Stakeholder management']","$77,160 - $128,640 a year"
Full Stack Developer,"Rowan Technology
New York, NY","['Computer science', 'Kotlin', 'Management', 'Node.js', 'React', 'Bachelor of Science', 'Mid-level', 'Java', 'AWS', 'Docker', 'Bootcamp', ""Bachelor's degree"", 'Ruby on Rails', 'PostgreSQL', 'Angular', 'Ruby', 'Software development', 'GraphQL', '1 year', 'gRPC', 'Leadership', 'TypeScript', 'Communication skills']","Full-time
$110,000 - $140,000 a year"
Founding Full-Stack Software Engineer,"Fonzi AI
Brooklyn, NY","['React', 'DevOps', 'Mid-level', '3 years', 'SQL', 'JavaScript', 'APIs', 'AI', 'TypeScript']","Full-time
$150,000 - $210,000 a year"
"Risk - New York- Associate, Software Engineering- 8456298","Goldman Sachs - 3.9
New York, NY","['Software Engineering', 'Mid-level', ""Master's degree"", 'OOP', ""Bachelor's degree"", '1 year']","$123,800 - $172,000 a year
22 hours ago"
"C++ Developer, Capital Markets","Business Integration Partners (BIP) - 3.0
New York, NY","['Computer Science', 'Software troubleshooting', 'Trading', '5 years', 'Data structures', 'NoSQL', 'Git', 'Test-driven development', 'Java', 'Finance', 'Algorithms', 'SQL', 'C++', ""Bachelor's degree"", 'APIs', 'Agile', 'Senior level', 'Python']","Full-time
$90,000 - $135,000 a year"
Full Stack Developer,"Rethink
New York, NY","['MVC', 'CSS', 'Mobile applications', '.NET Core', 'C#', 'Microsoft SQL Server', 'Mid-level', '.NET', 'SQL', 'JavaScript', 'Angular', 'TypeScript', 'HTML', 'Design patterns']","Full-time
$50 - $60 an hour"
Manager of DevOps Engineering | Information Technology,"Rockefeller University - 4.2
New York, NY","['CI/CD', 'Computer science', 'TCP', 'System administration', 'Azure', 'Node.js', 'Kubernetes', 'Ansible', 'Vagrant', 'Kanban', 'DevOps', 'Git', 'GitLab CI/CD', '3 years', 'Bash', 'Application development', 'DHCP', 'AWS', 'Docker', ""Bachelor's degree"", 'Ruby on Rails', 'Virtualization', 'Splunk', 'New Relic', 'Perl', 'Mentoring', 'Scripting', 'DNS', 'Angular', 'Ruby', 'Organizational skills', 'Agile', 'VMWare', 'SSH', 'Linux', 'Apache', 'TCP/IP', 'Senior level', 'GitLab', 'Python', 'Teaching', 'Shell Scripting', 'NGINX']","Full-time
$125,000 - $150,000 a year"
"Senior Java Developer, Capital Markets","Business Integration Partners (BIP) - 3.0
New York, NY","['CI/CD', 'UI development', 'Trading', 'React', 'Relational databases', '5 years', 'DevOps', 'System design', 'UNIX', 'Test automation', 'Bloomberg', 'Java', 'SQL', 'OOP', 'Analysis skills', 'Scripting', 'Software development', 'APIs', 'Agile', 'Linux', 'Service-oriented architecture', 'Senior level', ""Associate's degree"", 'Multithreading', 'Communication skills', 'Spring', 'Negotiation', 'HTML', 'Design patterns']","Full-time
$110,000 - $150,000 a year"
"Senior Backend Engineer - Python, Webframeworks, SQL, MySQL, Postgres - Resy","Amex - 4.1
New York, NY","['Jira', 'RDBMS', 'Hospitality', 'Performance tuning', 'Computer science', 'Management', 'Computer Science', 'PCI', 'UNIX', 'MongoDB', 'Microservices', 'SQL', 'AWS', 'Project management', ""Bachelor's degree"", 'PostgreSQL', 'Django', 'APIs', 'S3', 'Linux', 'Kafka', 'Flask', 'Senior level', 'Python', 'MySQL']","$110,000 - $190,000 a year
3 days ago"
JavaScript Developer (Mandarin MUST - Will Train - Nationwide),"Visa One Corporation
New York, NY","['Mandarin', 'AJAX', 'Node.js', 'CSS', 'Bootstrap', 'React', 'No experience needed', 'English', 'UI design', ""Master's degree"", ""Bachelor's degree"", 'JavaScript', 'Back-end development', 'SASS', 'Usability', 'REST', 'Angular', 'UX', 'Organizational skills', 'Agile', 'Web services', 'JSON', '1 year', '2 years', 'Communication skills', 'React Native', 'Entry level', 'HTML', 'Under 1 year']","Full-time | Internship
$60,000 - $85,000 a year
10 days ago"
Full Stack Developer,"Hook & Barrel, LLC - 3.0
United States","['Email marketing', 'Adobe Photoshop', 'Node.js', 'React', 'WordPress', 'Adobe Illustrator', 'PHP', 'JavaScript', 'PostgreSQL', 'Redis', 'Software development', 'APIs', 'GraphQL', 'Playwright', 'Senior level', 'AI', 'Google Analytics', '2 years', 'TypeScript', 'Analytics']","Full-time
$80,000 - $125,000 a year
7 days ago"
Backend Engineer (Bilingual in Mandarin),"Menusifu, Inc. - 3.1
New York, NY","['Bilingual', 'CI/CD', 'Mandarin', 'Node.js', 'Computer Science', 'Kubernetes', 'Web development', 'Fine dining experience', 'Big data', 'Bachelor of Science', 'DevOps', 'Data structures', 'System design', 'MongoDB', 'Mid-level', '3 years', 'Java', 'Microservices', 'SQL', 'OOP', 'AWS', 'Docker', ""Bachelor's degree"", 'Distributed systems', 'Back-end development', 'Data analytics', 'Software development', 'APIs', 'JSON', 'Integration testing', 'Kafka', 'Service-oriented architecture', 'SaaS', 'Communication skills', 'Design patterns']","Full-time
$80,000 - $150,000 a year"
Software Development Engineer 1,"Adobe - 4.3
New York, NY","['Computer science', 'Bachelor of Science', 'iOS', 'Mid-level', 'Windows', 'Java', 'Algorithms', 'C++', 'C', ""Bachelor's degree"", 'Machine learning', 'JavaScript', 'Distributed systems', 'Packaging', 'SDKs', 'Organizational skills', 'Data transformation', 'TypeScript', 'Communication skills', 'Design patterns']","Full-time
$76,000 - $152,200 a year
1 day ago"
"Staff Software Engineer, Web Payments","Block, Inc. - 3.6
New York, NY","['React', 'Mid-level', 'AWS', 'JavaScript', 'SDKs', 'Mentoring', 'APIs', '1 year', 'Vue.js', 'TypeScript', 'Teaching']","Full-time
$185,200 - $326,800 a year
2 days ago"
Software Development Engineer in Test,"Adobe - 4.3
New York, NY","['Elixir', 'CI/CD', 'Computer science', 'React', 'Full-stack development', '5 years', 'Test automation', 'JavaScript', 'Back-end development', 'GitHub', 'GraphQL', 'Playwright', 'Senior level', 'TypeScript', 'Communication skills']","Full-time
$133,900 - $242,000 a year
10 days ago"
Lead Backend Developer,"TXR
United States","['Jira', 'CI/CD', 'Management', 'Kubernetes', 'RESTful API', 'Git', 'Mid-level', 'AWS', 'Confluence', 'PostgreSQL', 'Back-end development', 'Django', 'GitHub', 'APIs', 'S3', 'HubSpot', '4 years', 'Communication skills', 'Python']","Full-time
$120,000 - $140,000 a year"
"Software Engineer III, Gaming, AR","Google - 4.3
New York, NY","['Doctoral degree', 'Computer Science', 'Mid-level', 'Java', ""Master's degree"", 'C++', 'C', ""Bachelor's degree"", 'Doctor of Philosophy', 'JavaScript', 'Distributed systems', 'Natural language processing', 'Software development', '1 year', 'Distributed computing', 'AI', 'Python', 'Debugging']","Full-time
2 days ago"
Software Developer - AI Trainer,"DataAnnotation - 3.9
New York, NY","['Kotlin', 'Go', 'CSS', 'React', 'Writing skills', 'C#', 'English', 'Mid-level', 'Java', 'SQL', 'C++', 'C', ""Bachelor's degree"", 'JavaScript', 'Swift', 'AI', 'Grammar Experience', 'TypeScript', 'Python', 'HTML']","Contract
From $40 an hour"
Back End Developer,"Technology Holdings North America Inc. - 3.0
New York, NY","['Cloud infrastructure', 'Go', 'Cassandra', 'Kubernetes', 'UNIX', 'Google Cloud Platform', '3 years', 'Bash', 'Databases', '8 years', 'AWS', 'Docker', 'Distributed systems', 'Terraform', 'Redis', 'Back-end development', 'Scripting', 'APIs', 'Senior level', 'Shell Scripting']","Full-time
$150,000 - $200,000 a year"
Back-End JAVA Developer- NYC/NJ ONLY! (NO REMOTE APPLICANTS),"LiveCare
New York, NY","['Spring Boot', 'Mid-level', 'Java', 'AWS', 'JavaScript', 'REST', 'APIs', '1 year', '2 years', 'Spring', 'MySQL', 'AWS Lambda']","Full-time
$80,000 - $100,000 a year"
"Specialist, Developer (Digital Personalization)","Macy’s - 3.6
New York, NY","['Web analytics', 'Management', 'CSS', 'Mid-level', ""Bachelor's degree"", 'JavaScript', 'APIs', 'Purchasing', 'IT', 'A/B testing', 'Data collection', 'Business requirements', 'Communication skills', 'Adobe Analytics', 'Multichannel marketing', 'HTML', 'Adobe Target', 'Stakeholder management']","$77,160 - $128,640 a year"
Full Stack Developer,"Rowan Technology
New York, NY","['Computer science', 'Kotlin', 'Management', 'Node.js', 'React', 'Bachelor of Science', 'Mid-level', 'Java', 'AWS', 'Docker', 'Bootcamp', ""Bachelor's degree"", 'Ruby on Rails', 'PostgreSQL', 'Angular', 'Ruby', 'Software development', 'GraphQL', '1 year', 'gRPC', 'Leadership', 'TypeScript', 'Communication skills']","Full-time
$110,000 - $140,000 a year"
Founding Full-Stack Software Engineer,"Fonzi AI
Brooklyn, NY","['React', 'DevOps', 'Mid-level', '3 years', 'SQL', 'JavaScript', 'APIs', 'AI', 'TypeScript']","Full-time
$150,000 - $210,000 a year"
"Risk - New York- Associate, Software Engineering- 8456298","Goldman Sachs - 3.9
New York, NY","['Software Engineering', 'Mid-level', ""Master's degree"", 'OOP', ""Bachelor's degree"", '1 year']","$123,800 - $172,000 a year
22 hours ago"
"C++ Developer, Capital Markets","Business Integration Partners (BIP) - 3.0
New York, NY","['Computer Science', 'Software troubleshooting', 'Trading', '5 years', 'Data structures', 'NoSQL', 'Git', 'Test-driven development', 'Java', 'Finance', 'Algorithms', 'SQL', 'C++', ""Bachelor's degree"", 'APIs', 'Agile', 'Senior level', 'Python']","Full-time
$90,000 - $135,000 a year"
Full Stack Developer,"Rethink
New York, NY","['MVC', 'CSS', 'Mobile applications', '.NET Core', 'C#', 'Microsoft SQL Server', 'Mid-level', '.NET', 'SQL', 'JavaScript', 'Angular', 'TypeScript', 'HTML', 'Design patterns']","Full-time
$50 - $60 an hour"
Manager of DevOps Engineering | Information Technology,"Rockefeller University - 4.2
New York, NY","['CI/CD', 'Computer science', 'TCP', 'System administration', 'Azure', 'Node.js', 'Kubernetes', 'Ansible', 'Vagrant', 'Kanban', 'DevOps', 'Git', 'GitLab CI/CD', '3 years', 'Bash', 'Application development', 'DHCP', 'AWS', 'Docker', ""Bachelor's degree"", 'Ruby on Rails', 'Virtualization', 'Splunk', 'New Relic', 'Perl', 'Mentoring', 'Scripting', 'DNS', 'Angular', 'Ruby', 'Organizational skills', 'Agile', 'VMWare', 'SSH', 'Linux', 'Apache', 'TCP/IP', 'Senior level', 'GitLab', 'Python', 'Teaching', 'Shell Scripting', 'NGINX']","Full-time
$125,000 - $150,000 a year"
"Senior Java Developer, Capital Markets","Business Integration Partners (BIP) - 3.0
New York, NY","['CI/CD', 'UI development', 'Trading', 'React', 'Relational databases', '5 years', 'DevOps', 'System design', 'UNIX', 'Test automation', 'Bloomberg', 'Java', 'SQL', 'OOP', 'Analysis skills', 'Scripting', 'Software development', 'APIs', 'Agile', 'Linux', 'Service-oriented architecture', 'Senior level', ""Associate's degree"", 'Multithreading', 'Communication skills', 'Spring', 'Negotiation', 'HTML', 'Design patterns']","Full-time
$110,000 - $150,000 a year"
"Senior Backend Engineer - Python, Webframeworks, SQL, MySQL, Postgres - Resy","Amex - 4.1
New York, NY","['Jira', 'RDBMS', 'Hospitality', 'Performance tuning', 'Computer science', 'Management', 'Computer Science', 'PCI', 'UNIX', 'MongoDB', 'Microservices', 'SQL', 'AWS', 'Project management', ""Bachelor's degree"", 'PostgreSQL', 'Django', 'APIs', 'S3', 'Linux', 'Kafka', 'Flask', 'Senior level', 'Python', 'MySQL']","$110,000 - $190,000 a year
3 days ago"
JavaScript Developer (Mandarin MUST - Will Train - Nationwide),"Visa One Corporation
New York, NY","['Mandarin', 'AJAX', 'Node.js', 'CSS', 'Bootstrap', 'React', 'No experience needed', 'English', 'UI design', ""Master's degree"", ""Bachelor's degree"", 'JavaScript', 'Back-end development', 'SASS', 'Usability', 'REST', 'Angular', 'UX', 'Organizational skills', 'Agile', 'Web services', 'JSON', '1 year', '2 years', 'Communication skills', 'React Native', 'Entry level', 'HTML', 'Under 1 year']","Full-time | Internship
$60,000 - $85,000 a year
10 days ago"
Full Stack Developer,"Hook & Barrel, LLC - 3.0
United States","['Email marketing', 'Adobe Photoshop', 'Node.js', 'React', 'WordPress', 'Adobe Illustrator', 'PHP', 'JavaScript', 'PostgreSQL', 'Redis', 'Software development', 'APIs', 'GraphQL', 'Playwright', 'Senior level', 'AI', 'Google Analytics', '2 years', 'TypeScript', 'Analytics']","Full-time
$80,000 - $125,000 a year
7 days ago"
Backend Engineer (Bilingual in Mandarin),"Menusifu, Inc. - 3.1
New York, NY","['Bilingual', 'CI/CD', 'Mandarin', 'Node.js', 'Computer Science', 'Kubernetes', 'Web development', 'Fine dining experience', 'Big data', 'Bachelor of Science', 'DevOps', 'Data structures', 'System design', 'MongoDB', 'Mid-level', '3 years', 'Java', 'Microservices', 'SQL', 'OOP', 'AWS', 'Docker', ""Bachelor's degree"", 'Distributed systems', 'Back-end development', 'Data analytics', 'Software development', 'APIs', 'JSON', 'Integration testing', 'Kafka', 'Service-oriented architecture', 'SaaS', 'Communication skills', 'Design patterns']","Full-time
$80,000 - $150,000 a year"
Software Development Engineer 1,"Adobe - 4.3
New York, NY","['Computer science', 'Bachelor of Science', 'iOS', 'Mid-level', 'Windows', 'Java', 'Algorithms', 'C++', 'C', ""Bachelor's degree"", 'Machine learning', 'JavaScript', 'Distributed systems', 'Packaging', 'SDKs', 'Organizational skills', 'Data transformation', 'TypeScript', 'Communication skills', 'Design patterns']","Full-time
$76,000 - $152,200 a year
1 day ago"
"Staff Software Engineer, Web Payments","Block, Inc. - 3.6
New York, NY","['React', 'Mid-level', 'AWS', 'JavaScript', 'SDKs', 'Mentoring', 'APIs', '1 year', 'Vue.js', 'TypeScript', 'Teaching']","Full-time
$185,200 - $326,800 a year
2 days ago"
Software Development Engineer in Test,"Adobe - 4.3
New York, NY","['Elixir', 'CI/CD', 'Computer science', 'React', 'Full-stack development', '5 years', 'Test automation', 'JavaScript', 'Back-end development', 'GitHub', 'GraphQL', 'Playwright', 'Senior level', 'TypeScript', 'Communication skills']","Full-time
$133,900 - $242,000 a year
10 days ago"
Lead Backend Developer,"TXR
United States","['Jira', 'CI/CD', 'Management', 'Kubernetes', 'RESTful API', 'Git', 'Mid-level', 'AWS', 'Confluence', 'PostgreSQL', 'Back-end development', 'Django', 'GitHub', 'APIs', 'S3', 'HubSpot', '4 years', 'Communication skills', 'Python']","Full-time
$120,000 - $140,000 a year"
"Software Engineer III, Gaming, AR","Google - 4.3
New York, NY","['Doctoral degree', 'Computer Science', 'Mid-level', 'Java', ""Master's degree"", 'C++', 'C', ""Bachelor's degree"", 'Doctor of Philosophy', 'JavaScript', 'Distributed systems', 'Natural language processing', 'Software development', '1 year', 'Distributed computing', 'AI', 'Python', 'Debugging']","Full-time
2 days ago"
Front-End Developer- AI Trainer,"DataAnnotation - 3.9
New York, NY","['Kotlin', 'Go', 'CSS', 'React', 'Writing skills', 'C#', 'English', 'Mid-level', 'Java', 'SQL', 'C++', 'C', ""Bachelor's degree"", 'JavaScript', 'Swift', 'AI', 'Grammar Experience', 'TypeScript', 'Python', 'HTML']","Contract
From $40 an hour"
Sr Software Engineer,"Disney Entertainment & ESPN Technology - 3.4
New York, NY","['Computer Science', 'System architecture', 'NoSQL', 'Information Systems', 'AWS', ""Bachelor's degree"", 'Distributed systems', 'Scala', 'Sports', 'S3', 'DynamoDB', 'Senior level']","$138,900 - $203,900 a year
1 day ago"
Microsoft Cloud Engineer,"Health Center, Inc. - 3.0
New York, NY","['Microsoft Windows Server', 'Microsoft Powerpoint', 'Computer science', 'ITIL Certification', 'Cloud infrastructure', 'Microsoft Excel', 'Azure', 'Computer Science', 'Customer service', '5 years', 'Engineering', 'Encryption', 'Information Systems', 'Windows', 'TLS', 'AWS', ""Bachelor's degree"", 'SSL', 'Scripting', 'DNS', 'SharePoint', 'VMWare', 'SSH', 'HTTPS', 'Senior level', 'Citrix', 'Communication skills', 'Microsoft Intune', 'Python', 'PowerShell', 'IaaS', 'Active Directory', 'Intune', 'Time management', 'VPN']","Full-time
$96,800 - $120,900 a year
7 days ago"
SharePoint Application Developer,"BRC
New York, NY","['Computer science', 'Computer Science', 'CSS', 'Web development', 'DocuSign', '5 years', 'Microsoft Office', 'SQL', ""Bachelor's degree"", 'JavaScript', 'SharePoint', 'Agile', 'Metadata', 'Senior level', 'jQuery', 'HTML']","Temporary | Full-time
$55 - $65 an hour"
Jira Triage Analyst,"Aceolution - 2.6
New York, NY","['Jira', 'Pegasystems', 'Management', 'Mid-level', 'Qualtrics', 'SQL', 'Analysis skills', 'Confluence', 'ServiceNow', 'Kibana', 'Citrix', '2 years', 'Communication skills']","Contract
Estimated: $81K - $102K a year
4 days ago"
Principal Performance Engineer (Trading),"Fidelity Investments - 4.0
Jersey City, NJ","['Computer science', 'Ethereum', 'Oracle', 'Computer Science', 'Relational databases', 'Cucumber', 'Test automation', 'Employment & labor law', 'Selenium', 'Performance testing', 'Java', 'Databases', 'SQL', 'AWS', ""Bachelor's degree"", 'Splunk', 'Scripting', 'Scrum', 'Agile', 'IT', 'S3', 'Senior level', 'Cryptocurrency', 'Mechanical knowledge', 'Python', 'Shell Scripting', '10 years']","$85,000 - $179,000 a year"
Lead Machine Learning Engineer,"iVisa.com
United States","['TensorFlow', 'CI/CD', 'PyTorch', 'Google Cloud Platform', '3 years', 'AWS', 'Machine learning', 'Senior level', 'AI', 'Machine learning frameworks', 'Leadership', 'Communication skills', 'Python', 'MLOps']","Full-time
$120,000 - $160,000 a year"
"Java Backend Engineer - Aladdin Engineering, Associate","BlackRock Investments - 3.8
New York, NY","['Azure', 'Computer Science', 'Cassandra', 'React', 'Kubernetes', 'Ansible', 'Relational databases', 'Software deployment', 'Bachelor of Science', 'DevOps', 'Microsoft SQL Server', 'NoSQL', 'Employee orientation', 'Git', 'Test-driven development', 'Google Cloud Platform', 'Research', 'Mid-level', '3 years', 'Java', ""Master's degree"", 'Databases', 'Microservices', 'SQL', 'AWS', 'Analysis skills', 'Docker', ""Bachelor's degree"", 'JavaScript', 'Product management', 'Master of Science', 'Terraform', 'Redis', 'REST', 'Angular', 'APIs', 'Sybase', 'Agile', 'Kafka', 'Unit testing', 'Middleware', 'Service-oriented architecture', 'Vue.js', 'Maven', 'AI', 'gRPC', 'Leadership', 'Communication skills', 'Spring', 'Hibernate', 'High availability', 'Design patterns']","$145,000 - $162,000 a year"
Asset & Wealth Management - Software Engineer - Associate - New York,"Goldman Sachs - 3.9
New York, NY","['Spring Boot', 'CI/CD', 'Gradle', 'JUnit', 'Kubernetes', 'NoSQL', 'Git', 'Test-driven development', 'MongoDB', 'Mid-level', '3 years', 'Java', 'Microservices', 'SQL', 'AWS', 'Analysis skills', 'Docker', 'Machine learning', 'Distributed systems', 'REST', 'Financial services', 'Kafka', 'Maven', 'Multithreading', 'Communication skills', 'Spring']","Part-time | Full-time
$115,000 - $180,000 a year
1 day ago"
Software Engineer,"Morgan & Morgan, P.A. - 2.8
Brooklyn, NY","['Mid-level', 'Personal injury law']","Full-time
$120,000 a year
1 day ago"
Lead Front-End Developer - E-Learning Group,"Longtail Education
New York, NY","['Svelte', 'Computer science', 'Computer Science', 'CSS', 'React', 'Bachelor of Science', 'Mid-level', 'Responsive web design', '3 years', ""Master's degree"", 'Analysis skills', ""Bachelor's degree"", 'JavaScript', 'Next.js', 'UI', 'Unit testing', 'TypeScript', 'Communication skills', 'HTML']","Full-time
$90,000 - $130,000 a year
1 day ago"
Python Developer,"Schrödinger - 3.0
New York, NY","['Test-driven development', 'Mid-level', 'OOP', 'Python']","$120,000 - $160,000 a year
9 days ago"
Asset & Wealth Management- Associate- New York- Software Engineer,"Goldman Sachs - 3.9
New York, NY","['Node.js', 'CSS', 'React', 'Full-stack development', 'Relational databases', 'Data structures', 'NoSQL', 'MongoDB', 'Mid-level', 'Java', 'Algorithms', 'OOP', 'JavaScript', 'REST', 'Angular', 'Sybase', '2 years', 'HTML', 'SDLC', 'Design patterns']","Part-time | Full-time
$115,000 - $180,000 a year"
"Software Engineer (L5), Ads Delivery Management","Netflix - 3.9
New York, NY","['Adtech', 'Mid-level', 'Host/hostess experience', 'Martech', 'Metadata', 'Negotiation']","Full-time
$100,000 - $720,000 a year"
Media Platform Software Development Engineer,"Adobe - 4.3
New York, NY","['Computer science', 'Bachelor of Science', 'iOS', 'Mid-level', 'Windows', 'Java', 'Algorithms', 'C++', 'C', ""Bachelor's degree"", 'Machine learning', 'JavaScript', 'Distributed systems', 'Packaging', 'SDKs', 'Organizational skills', 'Data transformation', 'TypeScript', 'Communication skills', 'Design patterns']","Full-time
$76,000 - $152,200 a year
1 day ago"
"Software Engineer, Frontend, 6+ Years of Experience","Snapchat - 3.6
New York, NY","['Computer science', '6 years', 'CSS', 'React', 'Kubernetes', 'Full-stack development', 'Bachelor of Science', 'System design', 'NoSQL', ""Master's degree"", 'Microservices', 'AWS', 'C', ""Bachelor's degree"", 'JavaScript', 'Distributed systems', 'Redis', 'Angular', 'Django', 'Unit testing', 'Flask', 'Senior level', 'AI', 'TypeScript', 'Python', 'HTML']","Full-time
$178,000 - $313,000 a year"
Backend Engineer,"Bevel
New York, NY","['Mid-level', 'TypeScript', 'Python']","Full-time
$120,000 - $160,000 a year"
"Java Engineer, Associate","BlackRock Investments - 3.8
New York, NY","['CI/CD', 'Computer science', 'Kotlin', 'Computer Science', 'Relational databases', 'Bachelor of Science', 'UNIX', 'Employee orientation', 'Git', 'Mid-level', '3 years', 'Java', 'Analysis skills', ""Bachelor's degree"", 'Distributed systems', 'Product management', 'Scrum', 'APIs', 'Linux', 'Distributed computing', 'SDLC']","$132,500 - $162,000 a year"
"Software Engineer (L5), Ads Measurement","Netflix - 3.9
New York, NY","['Adtech', 'Mid-level', 'Host/hostess experience', 'A/B testing', 'Martech', 'Leadership', 'Negotiation']","Full-time
$100,000 - $720,000 a year
10 days ago"
"Software Engineer, Video Processing","Captions - 4.0
New York, NY","['Rust', 'Mid-level', 'C++', 'Scalability', 'AI', 'Python']","Full-time
$170,000 - $230,000 a year
10 days ago"
Platform Developer,"City National Bank - 3.6
New York, NY","['CI/CD', 'MCSA', 'Salesforce Certification', 'MCSE', 'Salesforce', 'Information Systems', 'Mid-level', ""Master's degree"", ""Bachelor's degree"", 'MTA', 'Systems engineering', 'Organizational skills', 'Software development', 'Agile', 'Financial services', 'Epic Certification', 'Unit testing', '4 years', 'Communication skills', 'Time management', 'SDLC']","$87,027 - $138,965 a year
10 days ago"
Senior Software Engineer - Scala,"Disney Entertainment & ESPN Technology - 3.4
New York, NY","['CI/CD', 'Computer science', 'Computer Science', 'Kubernetes', '5 years', 'Writing skills', 'Spark', 'System architecture', 'Java', 'Functional testing', 'AWS', ""Bachelor's degree"", 'Scala', 'Terraform', 'Software development', 'APIs', 'S3', 'Integration testing', 'Apache', 'DynamoDB', 'Senior level', 'Jenkins', 'Python', 'Design patterns']","$138,900 - $203,900 a year
2 days ago"
Software Engineer III - C#/.Net - Neovest - New York,"JPMorganChase - 3.9
New York, NY","['CI/CD', 'Software troubleshooting', 'Trading', 'React', 'C#', 'English', 'UI design', '.NET', '3 years', 'SOAP', 'Redis', 'RabbitMQ', 'REST', 'Angular', 'Software development', 'Agile', 'Portfolio management', 'Kafka', 'Senior level', 'TypeScript', 'Debugging']","Full-time
$133,000 - $185,000 a year
10 days ago"
Software Developer | Advisor Practice P&L Reporting (Python/SQL),"Cerity Partners - 2.3
New York, NY","['Power BI', 'Microsoft Excel', 'Azure', 'Computer Science', 'Salesforce', 'Business analysis', 'Information Systems', 'Mid-level', 'SQL', 'Profit & loss', ""Bachelor's degree"", 'Cloud development', 'PostgreSQL', 'Organizational skills', 'Software development', 'APIs', 'Communication skills', 'Python']","$120,000 - $150,000 a year
9 days ago"
Software Engineer,"Garage - 3.4
New York, NY","['Computer Science', 'React', ""Master's degree"", ""Bachelor's degree"", 'GitHub', '1 year', 'TypeScript', 'Entry level']","Full-time
$125,000 - $175,000 a year
1 day ago"
"Software Engineer 3, Pro Health","The Farmer's Dog - 3.5
New York, NY","['CI/CD', 'Data modeling', 'Node.js', 'Customer retention', 'React', 'Mid-level', 'Analysis skills', 'JavaScript', 'Mentoring', 'Angular', 'Software development', 'Budgeting', 'Vue.js', 'TypeScript', 'Communication skills']","$155,000 - $175,000 a year
1 day ago"
"Backend Engineer (Java), All Levels - NYC","Medal - 3.4
New York, NY","['CI/CD', 'Elasticsearch', 'Kotlin', 'Cloud infrastructure', 'Management', 'Node.js', 'Salt', 'React', 'Kubernetes', 'RESTful API', 'Relational databases', 'C#', 'iOS', 'Git', 'Test-driven development', 'Google Cloud Platform', 'Java', 'AWS', 'C++', 'Docker', 'PostgreSQL', 'Terraform', 'Redis', 'RabbitMQ', 'REST', 'Redux', 'Memcached', 'GitHub', 'CircleCI', 'Swift', 'Senior level', 'Chef', 'Project leadership', 'Leadership', 'Python', 'MySQL']","Full-time
$120,000 - $250,000 a year"
"Software Engineer, Identity and Access Management","MongoDB - 3.6
New York, NY","['Go', 'React', 'Full-stack development', 'C#', 'MongoDB', 'Mid-level', 'Java', 'AWS', 'C++', 'JavaScript', 'Redux', 'AI', '2 years', 'TypeScript', 'Communication skills', 'Identity & access management']","$101,000 - $198,000 a year"
Backend Engineer,"Spotify - 4.1
New York, NY","['Writing skills', 'Data structures', 'System design', 'Java', 'Distributed systems', 'APIs', 'Senior level', 'Under 1 year']","Permanent
$160,091 - $228,702 a year
2 days ago"
Kubernetes Engineer,"Evolve ESolutions LLC
New York, NY","['Kubernetes', 'Software deployment', 'PaaS', 'Mid-level', 'Cloud Native Design', 'Red Hat OpenShift', 'Azure Kubernetes Service (AKS)', '9 years']","Contract
$60 - $75 an hour
1 day ago"
Software Engineer - Services Engineering,"Apple - 4.1
New York, NY","['CI/CD', 'Computer science', 'Kotlin', 'Computer Science', 'Data structures', 'iOS', 'Mid-level', 'Java', ""Master's degree"", 'Databases', 'Algorithms', ""Bachelor's degree"", 'Distributed systems', 'Agile', 'Kafka']","Full-time
$143,100 - $264,200 a year
1 day ago"
"Front End Engineer II - CreativeX, CreativeX - Creative Building","Amazon.com Services LLC - 3.5
New York, NY","['Computer science', 'Node.js', 'CSS', 'Data structures', 'Mid-level', 'ROI', 'OOP', 'Analysis skills', 'JavaScript', 'Angular', 'Software development', 'Agile', '1 year', 'TypeScript', 'HTML']","Full-time
$129,300 - $223,600 a year"
Backend Engineer III - Accounts Team,"Stash
New York, NY","['CI/CD', 'Go', 'Kubernetes', 'Mid-level', '3 years', 'AWS', 'Continuous improvement', 'PostgreSQL', 'Terraform', 'Software development', 'Kafka', 'Maven', 'Banking', 'Debugging']","$113,923 - $170,884 a year
1 day ago"
Front End Web Developer,"Manhattan Institute for Policy Research - 3.7
New York, NY","['CI/CD', 'Business intelligence', 'CSS', 'WordPress', 'Web development', '5 years', 'Writing skills', 'Tableau', 'AWS', 'JavaScript', 'Front-end development', 'Senior level', 'LAMP stack', 'Communication skills']","$90,000 - $115,000 a year
1 day ago"
Junior AI & Search Solutions Developer,"Skadden, Arps, Slate, Meagher & Flom LLP & Affiliates - 4.0
New York, NY","['Computer science', 'Computer Science', 'CSS', 'Software Engineering', 'React', 'Relational databases', 'Git', 'Research', 'Windows', '.NET', 'Prompt engineering', 'Analysis skills', ""Bachelor's degree"", 'Machine learning', 'Angular', 'UX', 'Organizational skills', 'Software development', 'GitHub', 'SSH', 'Linux', '1 year', 'Machine learning libraries', 'AI', 'TypeScript', 'Communication skills', 'Python', 'Entry level']","Full-time
$80,000 - $90,000 a year
8 days ago"
Full-Stack Web Developer,"Manhattan Institute for Policy Research - 3.7
New York, NY","['Web design', 'CI/CD', 'Cloud infrastructure', 'Business intelligence', 'Data lake', 'WordPress', 'Web development', 'Full-stack development', '5 years', 'Writing skills', 'Tableau', 'Snowflake', 'AWS', 'APIs', 'Senior level', 'LAMP stack', 'Communication skills']","$150,000 - $200,000 a year
1 day ago"
"Front-End Engineer, Amazon Connect (AWS)","Amazon Web Services, Inc. - 3.4
New York, NY","['Computer science', 'Node.js', 'CSS', 'Data structures', 'NoSQL', 'Mid-level', 'OOP', 'AWS', 'Analysis skills', 'JavaScript', 'Angular', 'Software development', 'Agile', 'S3', '1 year', 'Service-oriented architecture', 'AI', 'TypeScript', 'HTML', 'AWS Lambda']","Full-time
$129,300 - $223,600 a year"
Staff Software Engineer [Frontend] - Square Web Banking,"Block, Inc. - 3.6
New York, NY","['React', 'Web development', '11+ years', 'Ember.js', 'SASS', 'Mentoring', 'Senior level', 'TypeScript']","Full-time
$263,600 - $395,400 a year"
Python Desk Developer,N/A,['N/A'],N/A
"Software Development Engineer (SDE), Amazon Connect - Contact Control Panel","Amazon Development Center U.S., Inc. - 3.4
New York, NY","['Computer science', 'Law', 'Computer Science', 'NoSQL', 'Mid-level', '3 years', 'AWS', ""Bachelor's degree"", 'S3', 'AI', 'SDLC', 'Design patterns', 'AWS Lambda']","Full-time
$129,300 - $223,600 a year"
"iOS Engineer, All Levels - NYC","Medal - 3.4
New York, NY","['iOS development', 'RESTful API', 'iOS', 'Objective-C', 'Mid-level', 'Application development', 'Continuous integration', 'REST', 'GitHub', 'Mac OS', 'Swift', 'Figma']","Full-time
$120,000 - $220,000 a year"
"Front-End Engineer (React+Electron), All Levels - NYC","Medal - 3.4
New York, NY","['CI/CD', 'Kotlin', 'Node.js', 'Salt', 'React', 'Kubernetes', 'C#', 'iOS', 'Mid-level', 'Java', 'C++', 'JavaScript', 'Terraform', 'Redis', 'RabbitMQ', 'Redux', 'GitHub', 'CircleCI', 'Swift']","Full-time
$120,000 - $250,000 a year"
"Software Engineer, Macro Middle Office Technology","Point72 - 4.2
New York, NY","['CI/CD', 'C#', 'Test-driven development', 'Mid-level', '.NET', '3 years', 'SQL', 'Analysis skills', 'Software development', 'Agile', 'Financial services', 'Communication skills', 'SDLC']","$200,000 - $250,000 a year
14 days ago"
"Software Development Engineer, Amazon Connect Cases (AWS)","Amazon Development Center U.S., Inc. - 3.4
New York, NY","['Computer science', 'Pricing', 'Computer Science', 'C#', 'NoSQL', 'Mid-level', '.NET', 'Java', ""Master's degree"", 'OOP', 'AWS', 'C++', ""Bachelor's degree"", 'Machine learning', 'Back-end development', 'Mentoring', 'Software development', 'S3', 'Service-oriented architecture', 'AI', 'Leadership', '2 years', 'Communication skills', 'SDLC', 'Design patterns', 'AWS Lambda']","Full-time
$129,300 - $223,600 a year
8 hours ago"
Software Developer: Generative AI,"D. E. Shaw & Co., L.P. - 4.1
New York, NY","['AI models', 'Law', 'Mid-level', 'Software development', 'AI', 'Generative AI']","Full-time
$200,000 - $250,000 a year"
Scientific Python Developer,"Schrödinger - 3.0
New York, NY","['Biology', 'Doctoral degree', 'Writing skills', 'Mid-level', ""Master's degree"", 'Doctor of Chemistry', 'OOP', 'Doctor of Philosophy', 'Software development', 'Chemistry', 'Python']","Full-time
$120,000 - $160,000 a year
9 days ago"
Full-Stack Founding Software Engineer,"Brooklyn Navy Yard Development Corporation - 4.5
Brooklyn, NY","['Cloud infrastructure', 'Bootstrap', 'React', 'Full-stack development', 'System design', 'English', 'Google Cloud Platform', 'SQL', 'PostgreSQL', 'Django', 'Software development', 'Senior level', 'TypeScript', 'Communication skills', 'Python']","Part-time | Full-time
$140,000 a year"
Associate Software Engineer - Goldman Sachs Electronic Trading (GSET) - NYC - GBM Public,"Goldman Sachs - 3.9
New York, NY","['Computer science', 'Sourcing', 'Computer Science', 'Order management system', 'Data structures', 'Mid-level', 'Java', 'Algorithms', 'C++', ""Bachelor's degree"", 'HR sourcing', 'Linux', '2 years', 'Communication skills']","Part-time | Full-time
$115,000 - $180,000 a year"
"Software Engineer (JavaScript, Next.js, React)","Complex - 3.9
New York, NY","['Management', 'React', '5 years', 'Google Ad Manager', 'Google Tag Manager', 'JavaScript', 'SDKs', 'SEO', 'APIs', 'Front-end development', 'A/B testing', 'Martech', 'Senior level', 'Google Analytics', 'Debugging']","Full-time
$115,000 - $140,000 a year"
"Developer Advocate, Python","Meta - 4.1
New York, NY","['Computer science', 'Computer Science', 'Mid-level', 'Presentation skills', ""Bachelor's degree"", 'Machine learning', 'Computer Engineering', '2 years', 'Python']","$147,000 - $203,000 a year"
"Software Developer, Item Relationships","Amazon.com Services LLC - 3.5
New York, NY","['Computer science', 'Computer Science', 'Mid-level', '3 years', ""Bachelor's degree"", 'Machine learning', 'SDLC', 'Design patterns']","Full-time
$129,300 - $223,600 a year"
Full Stack Engineer with AWS Expertise,"Helix Tech IT solution
New York, NY","['Software troubleshooting', 'Full-stack development', 'Software deployment', 'Mid-level', '3 years', 'Java', 'AWS', 'Database management', 'C', 'JavaScript', 'Back-end development', 'REST', 'GitHub', 'APIs', 'Front-end development', '2 years', 'Python', 'MySQL']","Full-time
$108,228.44 - $130,339.63 a year
4 days ago"
"Sr. Software Engineer, Front-End","Disney Entertainment & ESPN Technology - 3.4
New York, NY","['Node.js', 'Computer Science', 'CSS', 'React', 'Web development', '5 years', 'Information Systems', 'AWS', ""Bachelor's degree"", 'JavaScript', 'SASS', 'S3', 'Less', 'Senior level', 'Communication skills']","$142,516 - $191,180 a year
11 days ago"
"Software Dev Engineer II, AWS Clean Rooms","Amazon Web Services, Inc. - 3.4
New York, NY","['Computer science', 'Pricing', 'Computer Science', 'Mid-level', '3 years', 'AWS', ""Bachelor's degree"", 'Distributed systems', 'APIs', 'DynamoDB', 'SDLC', 'Design patterns']","Full-time
$129,300 - $223,600 a year
8 hours ago"
"Software Development Engineer, Twitch Advertising","Amazon.com Services LLC - 3.5
New York, NY","['Computer science', 'Computer Science', 'Mid-level', '3 years', ""Bachelor's degree"", 'SDLC', 'Design patterns']","Full-time
$129,300 - $223,600 a year
1 day ago"
Analyst/Report Developer,"Hospital for Special Surgery - 4.2
New York, NY","['Mid-level', 'SQL', 'Analysis skills', ""Bachelor's degree"", 'Epic Certification', '2 years']","Full-time
$79,500 - $121,125 a year"
"Front End Engineer, Amazon Advertising","Amazon.com Services LLC - 3.5
New York, NY","['Computer science', 'Node.js', 'CSS', 'Software troubleshooting', 'Data structures', 'Mid-level', 'OOP', 'Analysis skills', 'JavaScript', 'Angular', 'Software development', 'Agile', '1 year', 'TypeScript', 'HTML']","Full-time
$129,300 - $223,600 a year"
"Backend Software Engineer, Infrastructure Platform","TikTok - 3.4
New York, NY","['Web design', 'Computer science', 'Go', 'Computer Science', 'Bachelor of Science', 'UNIX', 'Mid-level', 'Java', 'C++', 'C', ""Bachelor's degree"", 'Software development', 'Linux', 'Python']","$136,800 - $280,000 a year"
"Front End Engineer (FEE) II, Amazon Connect - Contact Control Panel","Amazon Development Center U.S., Inc. - 3.4
New York, NY","['Computer science', 'Node.js', 'Law', 'CSS', 'React', 'Data structures', 'OOP', 'AWS', 'Analysis skills', 'JavaScript', 'Angular', 'Software development', 'Agile', 'S3', '1 year', 'AI', 'TypeScript', 'Entry level', 'HTML', 'AWS Lambda']","Full-time
$129,300 - $223,600 a year
1 day ago"
Software Engineer,"Ramp Financial
New York, NY","['React', 'Mid-level', 'JavaScript', 'Purchasing', 'TypeScript']","Full-time
$155,000 - $213,200 a year"
Senior Software Engineer - Scala,"Disney Entertainment & ESPN Technology - 3.4
New York, NY","['CI/CD', 'Computer science', 'Computer Science', 'Kubernetes', '5 years', 'Writing skills', 'Spark', 'System architecture', 'Java', 'Functional testing', 'AWS', ""Bachelor's degree"", 'Scala', 'Terraform', 'Software development', 'APIs', 'S3', 'Integration testing', 'Apache', 'DynamoDB', 'Senior level', 'Jenkins', 'Python', 'Design patterns']","$138,900 - $203,900 a year
2 days ago"
Senior Software Engineer-Full Stack,"K. Hovnanian Homes - 3.4
New York, NY","['Full-stack development', '5 years', 'SQL', 'JavaScript', 'Product management', 'Organizational skills', 'Agile', 'Senior level', 'AI', 'Python', 'SDLC']","Full-time
$160,000 - $175,000 a year"
Lead Software Engineer - C#/.Net - Neovest -New York,"JPMorganChase - 3.9
New York, NY","['CI/CD', 'Software troubleshooting', 'Trading', '5 years', 'C#', 'System design', 'English', 'UI design', '.NET', 'Application development', 'SOAP', 'Machine learning', 'Redis', 'RabbitMQ', 'REST', 'Software development', 'Agile', 'IT', 'Portfolio management', 'Kafka', 'Senior level', 'AI']","Full-time
$152,000 - $215,000 a year
10 days ago"
Front-end Angular Developer,"Intone Networks - 4.1
New York, NY","['Mid-level', 'Angular', '2 years']","Contract
Estimated: $108K - $134K a year"
"Front-end Engineer - AWS Marketplace, AWS Marketplace Saas","Amazon Web Services, Inc. - 3.4
New York, NY","['Computer science', 'Node.js', 'CSS', 'Data structures', 'Mid-level', 'OOP', 'AWS', 'Analysis skills', 'JavaScript', 'Distributed systems', 'Angular', 'Software development', 'Agile', 'Web services', '1 year', 'TypeScript', 'Communication skills', 'HTML']","Full-time
$129,300 - $223,600 a year"
"Software Engineer II, Commerce","Fox Corporation - 3.9
New York, NY","['Rust', 'Go', 'Mid-level', 'E-commerce', 'AWS', 'Contracts', 'APIs']","Full-time
$95,000 - $144,000 a year
3 days ago"
"Software Dev Engineer (SDE-T), Amazon Connect - Contact Control Panel","Amazon Development Center U.S., Inc. - 3.4
New York, NY","['Penetration testing', 'Computer science', 'Vulnerability assessment', 'Law', 'C#', 'System architecture', 'Test automation', 'NoSQL', 'Mid-level', 'Java', 'OOP', 'AWS', 'C++', 'Software development', 'Scalability', 'S3', 'Web services', 'Linux', '1 year', 'AI', 'AWS Lambda']","Full-time
$129,300 - $223,600 a year
8 hours ago"
Python and C# developer,"AllocateRite, LLC - 5.0
New York, NY","['Law', 'Doctoral degree', 'Web development', 'C#', 'Mathematics', 'SQL', 'Analysis skills', 'Machine learning', 'Doctor of Philosophy', 'Physics', 'UX', 'Senior level', 'Pair programming', 'Communication skills', 'Python']","Full-time
$125,000 - $150,000 a year"
Software Engineer - Asset Servicing - Associate - NYC - GBM Public,"Goldman Sachs - 3.9
New York, NY","['Software troubleshooting', 'React', 'C#', 'NoSQL', 'MongoDB', 'Mid-level', 'Java', 'Databases', 'SQL', 'Analysis skills', 'C++', 'Machine learning', 'JavaScript', 'Scala', 'Redux', '2 years', 'Communication skills', 'Python']","Part-time | Full-time
$115,000 - $180,000 a year"
"Staff Backend Engineer, Mobile Team","Via - 3.2
New York, NY","['Kubernetes', '5 years', 'C#', 'Java', 'Databases', 'SQL', 'OOP', 'AWS', 'Analysis skills', 'C++', 'Agile', 'Senior level', 'Multithreading', 'Python', 'MySQL', 'Design patterns']","Full-time
$200,000 - $275,000 a year"
"Software Engineer, New York","Talos Global
New York, NY","['Computer science', 'Go', 'Computer Science', 'Bachelor of Science', 'C#', 'Mid-level', '3 years', 'Java', ""Master's degree"", 'C++', ""Bachelor's degree"", 'Master of Science', 'Python']","Full-time
$140,000 - $200,000 a year"
"Staff iOS Software Engineer, Gameday","GameChanger - 3.4
New York, NY","['Kotlin', 'Node.js', 'iOS development', 'iOS', 'Mid-level', 'AWS', 'Continuous improvement', 'PostgreSQL', 'Redis', 'Organizational skills', 'Sports', 'APIs', 'Swift', 'Android development', 'TypeScript']","Full-time
$200,000 - $240,000 a year"
"Senior Full Stack iOS Software Engineer, Computer Vision","GameChanger - 3.4
New York, NY","['Growing experience', 'Management', 'iOS development', 'Computer vision', '5 years', 'Mobile applications', 'iOS', 'Application development', 'Machine learning', 'Sports', 'Senior level', 'Multithreading']","Full-time
$160,000 - $200,000 a year
5 days ago"
Software Engineer - Payments,"Brigit
New York, NY","['Kubernetes', 'Google Cloud Platform', 'Mid-level', '3 years', 'Java', 'SQL', 'Docker', 'Ruby on Rails', 'PostgreSQL', 'REST', 'ACH', 'APIs', 'User flows']","Full-time
$135,000 - $180,000 a year"
"Software Dev Engineer II, AWS Clean Rooms","Amazon Development Center U.S., Inc. - 3.4
New York, NY","['Computer science', 'Pricing', 'Computer Science', 'Mid-level', '3 years', 'AWS', ""Bachelor's degree"", 'Distributed systems', 'APIs', 'DynamoDB', 'SDLC', 'Design patterns']","Full-time
$129,300 - $223,600 a year
8 hours ago"
"Software Development Engineer, Amazon Connect - Contact Control Panel","Amazon Development Center U.S., Inc. - 3.4
New York, NY","['Computer science', 'Law', 'Computer Science', 'React', 'Mid-level', '3 years', 'AWS', ""Bachelor's degree"", 'S3', 'AI', 'SDLC', 'Design patterns', 'AWS Lambda']","Full-time
$129,300 - $223,600 a year
1 day ago"
"Software Engineer (L5), Ads Identity Graph","Netflix - 3.9
New York, NY","['Data modeling', 'Adtech', 'Big data', 'Spark', 'Mid-level', 'Snowflake', 'Host/hostess experience', 'Algorithms', 'Distributed systems', 'Martech', 'Negotiation']","Full-time
$100,000 - $720,000 a year"
"Software Development Engineer, Amazon Ads","Amazon.com Services LLC - 3.5
New York, NY","['Computer science', 'Computer Science', 'React', 'Full-stack development', 'Mid-level', '3 years', 'Java', ""Bachelor's degree"", 'Machine learning', 'JavaScript', 'APIs', 'HTML', 'SDLC', 'Design patterns']","Full-time
$129,300 - $223,600 a year"
"Staff Backend Engineer, Rider Account","Via - 3.2
New York, NY","['CI/CD', 'Computer science', '7 years', 'Computer Science', 'Kubernetes', 'C#', 'Java', 'SQL', 'AWS', 'Analysis skills', 'C++', ""Bachelor's degree"", 'Paratransit', 'GitHub', 'APIs', 'Senior level', 'Jenkins', 'GitLab', 'Communication skills', 'Python', 'MySQL', 'Design patterns']","Full-time
$200,000 - $275,000 a year"
Frontend Engineer,"Tarro - 3.0
Long Island City, NY","['Rust', 'WebAssembly', 'CSS', 'React', 'Mid-level', 'Fundraising', 'S3', '2 years', 'Restaurant experience', 'TypeScript', 'HTML']","Full-time
$180,000 - $250,000 a year
14 days ago"
Front-End Developer- AI Trainer,"DataAnnotation - 3.9
New York, NY","['Kotlin', 'Go', 'CSS', 'React', 'Writing skills', 'C#', 'English', 'Mid-level', 'Java', 'SQL', 'C++', 'C', ""Bachelor's degree"", 'JavaScript', 'Swift', 'AI', 'Grammar Experience', 'TypeScript', 'Python', 'HTML']","Contract
From $40 an hour"
Software Engineer (Python/C++),N/A,['N/A'],N/A
Staff Software Engineer - Backend,"Virtu Financial - 3.3
New York, NY","['UNIX', 'Mid-level', 'Java', 'C++', 'Linux', 'Communication skills', 'Python']","$175,000 - $225,000 a year"
Backend Team Lead,"Audicus - 4.0
New York, NY","['5 years', 'Databases', 'Business development', 'Project management', 'Telehealth', 'Back-end development', 'Senior level', 'Communication skills', 'Python', 'Marketing']","$180,000 - $200,000 a year"
Software Engineer III (Core Java),"JPMorganChase - 3.9
New York, NY","['Management', 'React', 'Mid-level', '3 years', 'Java', 'SQL', 'PostgreSQL', 'Angular', 'Sybase', 'Web services', 'Kafka', 'Communication skills', 'Spring', 'Design patterns']","Full-time
$133,000 - $185,000 a year"
"Senior Software Engineer, Documentation","MongoDB - 3.6
New York, NY","['CI/CD', 'React', '5 years', 'Git', 'MongoDB', 'Gatsby', 'AWS', 'JavaScript', 'Senior level', 'AI', 'TypeScript', 'Communication skills']","$118,000 - $231,000 a year"
Java Software Engineer III,"JPMorganChase - 3.9
New York, NY","['Spring Boot', 'CI/CD', 'Cassandra', 'Software troubleshooting', 'React', 'RESTful API', 'DevOps', 'Business analysis', 'System design', '3 years', 'Java', 'Application development', 'Business development', 'AWS', 'Machine learning', 'Cloud development', 'Angular', 'GitHub', 'Agile', 'Kafka', 'Senior level', 'AI', 'Jenkins', 'Debugging', 'SDLC']","Full-time
$133,000 - $185,000 a year
2 days ago"
Java Swing Software Developer – Financial Services,N/A,['N/A'],N/A
"Software Engineer 3, Billing","Hire Orbitt
New York, NY","['Jira', 'CI/CD', 'Oracle', 'JUnit', 'React', 'Mid-level', 'Java', 'SQL', 'OOP', 'AWS', 'Analysis skills', 'Confluence', 'Continuous integration', 'Agile', 'Front-end development', 'Unit testing', 'JDBC', 'AI', '4 years', 'Jenkins', 'GitLab', 'Communication skills', 'Spring']","Full-time
$140,000 - $160,000 a year
2 days ago"
Full-Stack Software Engineer,"Tennr
New York, NY","['AI models', 'Full-stack development', 'Mid-level', '3 years', 'Machine learning', 'JavaScript', 'AI', 'TypeScript', 'Communication skills']","Full-time
$180,000 - $240,000 a year"
"Software Engineer, Web (7+ years of experience)","Captions - 4.0
New York, NY","['7 years', 'WebAssembly', 'React', 'Express.js', 'Angular', 'Software development', 'Vue.js', 'Senior level', 'AI']","Full-time
$170,000 - $220,000 a year"
Software Test Engineer,N/A,['N/A'],N/A
Frontend Engineer,"CBOE - 3.5
New York, NY","['Computer Science', 'Trading', 'System architecture', 'Test automation', 'Git', 'Mid-level', 'Windows', 'E-commerce', 'Java', 'SQL', 'AWS', 'C++', ""Bachelor's degree"", 'PostgreSQL', 'Computer Engineering', 'Organizational skills', 'Software development', 'IT', 'Linux', '1 year', 'Jenkins', 'Communication skills', 'Python', 'HTML', 'Information Technology']","Full-time
$93,500 - $115,500 a year
2 days ago"
Website Development Engineer II - Web Enablement,"Accrete - 3.0
New York, NY","['CI/CD', 'Azure', 'Management', 'Law', 'WebAssembly', 'CSS', 'VueX', 'Bootstrap', 'React', 'RESTful API', 'Git', 'Google Cloud Platform', 'Mid-level', 'Responsive web design', '3 years', 'AWS', 'Continuous improvement', 'JavaScript', 'Redux', 'APIs', 'GraphQL', 'Data visualization', 'Vue.js', 'AI', 'TypeScript', 'Debugging', 'HTML']","Full-time
$120,000 - $160,000 a year
2 days ago"
Software Developer,"Luxoft - 4.5
New York, NY","['Computer science', 'Node.js', 'Computer Science', 'React', 'English', 'Mid-level', 'Java', ""Bachelor's degree"", 'JavaScript', 'Computer Information Systems', 'Kafka', 'Maven', '2 years', 'Spring', 'Hibernate']","$151,819 a year
1 day ago"
Senior Software Engineer (Experience Team),"Pinecone - 3.5
New York, NY","['Rust', 'Go', 'Node.js', 'RESTful API', 'Web development', 'Full-stack development', '5 years', 'Big data', 'Data structures', 'Back-end development', 'Senior level', 'AI', 'Python']","Full-time
$175,000 - $210,000 a year
1 day ago"
Sr. Full Stack Engineer,"Adobe - 4.3
New York, NY","['Elixir', 'Node.js', 'WebAssembly', 'React', 'Data structures', 'Docker', 'Product development', 'Terraform', 'REST', 'Redux', 'Software development', 'APIs', 'Unit testing', 'GraphQL', 'Senior level']","Full-time
$153,600 - $286,600 a year
3 days ago"
"Software Engineer 3, AI","The Farmer's Dog - 3.5
New York, NY","['CI/CD', 'Data modeling', 'Node.js', 'Customer retention', 'React', 'Mid-level', 'Analysis skills', 'JavaScript', 'Mentoring', 'Angular', 'Software development', 'Budgeting', 'Vue.js', 'AI', 'Leadership', 'TypeScript', 'Communication skills', 'Design patterns']","$155,000 - $175,000 a year
14 days ago"
"Machine Learning, Software Engineer","PermitFlow
New York, NY","['Scikit-learn', 'TensorFlow', 'Elasticsearch', 'Bluebeam', 'Azure', 'Law', 'PyTorch', 'Software deployment', 'Google Cloud Platform', 'Mid-level', '3 years', 'AWS', 'Machine learning', 'Model deployment', 'Natural language processing', 'Machine learning libraries', 'AI', 'Python', 'ProCore']","Full-time
$190,000 - $215,000 a year
2 days ago"
Full Stack (Backend) Software Engineer II - Employee Experience,"Rippling - 1.8
New York, NY","['Go', 'Management', 'React', 'Full-stack development', 'Mid-level', 'Java', 'Product management', 'LMS', '2 years', 'Python']","Full-time
$135,000 - $236,250 a year"
"Specialist, Developer (Digital Personalization)","Macy’s - 3.6
New York, NY","['Web analytics', 'Management', 'CSS', 'Mid-level', ""Bachelor's degree"", 'JavaScript', 'APIs', 'Purchasing', 'IT', 'A/B testing', 'Data collection', 'Business requirements', 'Communication skills', 'Adobe Analytics', 'Multichannel marketing', 'HTML', 'Adobe Target', 'Stakeholder management']","$77,160 - $128,640 a year"
Senior Software Engineer - Scala,"Disney Entertainment & ESPN Technology - 3.4
New York, NY","['CI/CD', 'Computer science', 'Computer Science', 'Kubernetes', '5 years', 'Writing skills', 'Spark', 'System architecture', 'Java', 'Functional testing', 'AWS', ""Bachelor's degree"", 'Scala', 'Terraform', 'Software development', 'APIs', 'S3', 'Integration testing', 'Apache', 'DynamoDB', 'Senior level', 'Jenkins', 'Python', 'Design patterns']","$138,900 - $203,900 a year
2 days ago"
Principal Performance Engineer (Trading),"Fidelity Investments - 4.0
Jersey City, NJ","['Computer science', 'Ethereum', 'Oracle', 'Computer Science', 'Relational databases', 'Cucumber', 'Test automation', 'Employment & labor law', 'Selenium', 'Performance testing', 'Java', 'Databases', 'SQL', 'AWS', ""Bachelor's degree"", 'Splunk', 'Scripting', 'Scrum', 'Agile', 'IT', 'S3', 'Senior level', 'Cryptocurrency', 'Mechanical knowledge', 'Python', 'Shell Scripting', '10 years']","$85,000 - $179,000 a year"
Sr. Software Quality Engineer,"Kohler - 3.4
New York, NY","['CI/CD', 'Computer Science', 'Internet of things', '5 years', 'iOS', 'Firmware', 'Test automation', 'Information security', 'Software quality assurance', ""Bachelor's degree"", 'Senior level', 'AI', 'Python']","$114,500 - $168,722 a year
4 days ago"
"Software Dev Engineer - Amazon Connect, Amazon Connect - Identity Management and Access Control","Amazon Development Center U.S., Inc. - 3.4
New York, NY","['Computer science', 'Computer Science', 'NoSQL', 'Mid-level', '3 years', 'AWS', ""Bachelor's degree"", 'S3', 'Service-oriented architecture', 'AI', 'SDLC', 'Design patterns', 'AWS Lambda']","Full-time
$129,300 - $223,600 a year"
"Sr. Software Engineer, Frontend","Peloton - 3.2
New York, NY","['Web accessibility', 'Growing experience', '6 years', 'CSS', 'React', 'Web development', 'Responsive web design', 'E-commerce', 'JavaScript', 'UX', 'Agile', 'A/B testing', 'Unit testing', 'Vue.js', 'Senior level', 'TypeScript', 'Analytics', 'Mobile design']","$173,478 - $234,196 a year
2 days ago"
Options: Software Developer,"D. E. Shaw & Co., L.P. - 4.1
New York, NY","['Management', 'Trading', 'Mid-level', '3 years', 'Java', 'Software development', 'Leadership']","Full-time
$200,000 - $325,000 a year"
React Native Engineer,"Just Salad - 3.3
New York, NY","['React', 'iOS', 'Jest', 'Mid-level', 'E-commerce', '3 years', 'Project management', 'JavaScript', 'GitHub', 'Integration testing', 'React Native']","Full-time
$175,000 - $195,000 a year"
Senior Engineer Backend (Java),"PayPal - 3.8
New York, NY","['Azure', 'Computer Science', 'NoSQL', 'Google Cloud Platform', '3 years', 'Java', 'Databases', 'SQL', 'Database design', 'AWS', ""Bachelor's degree"", 'Ruby on Rails', 'REST', 'Senior level', 'Python', 'Spring', 'Hibernate', 'Spring MVC']","Full-time
$72,700 - $176,000 a year
3 days ago"
Frontend Software Engineer III,"Sunbound - 3.0
New York, NY","['Computer science', 'React', 'Web development', 'Bachelor of Science', 'Writing skills', ""Master's degree"", 'Senior care', ""Bachelor's degree"", 'Redux', 'Software development', 'Senior level', '4 years', 'Figma', 'TypeScript', 'Communication skills']","Full-time
$130,000 - $160,000 a year
8 days ago"
"Senior Software Engineer, Full Stack","Biograph
New York, NY","['Full-stack development', 'Mid-level', '3 years', 'Django', 'Python', 'React Native']","$150,000 - $200,000 a year"
Senior Back-End Developer with Front-End Expertise,"United partners
New York, NY","['React', 'Full-stack development', '5 years', 'AI integration', 'Laravel', 'Git', 'PHP', 'JavaScript', 'Back-end development', 'Senior level', 'HTML']","Full-time
$80,000 - $165,000 a year"
Sr. Software Engineer II - Frontend,"DoubleVerify - 3.4
New York, NY","['Management', 'CSS', 'React', 'D3.js', '5 years', 'JavaScript', 'Django', 'UX', 'Organizational skills', 'APIs', 'Data visualization', 'Senior level', 'Communication skills']","$102,000 - $202,000 a year
1 day ago"
Software Development Engineer,"Amazon.com Services LLC - 3.5
New York, NY","['Computer science', 'Computer Science', 'Mid-level', '3 years', 'AWS', ""Bachelor's degree"", 'SDLC', 'Design patterns']","Full-time
$129,300 - $223,600 a year
8 days ago"
"Associate, Java/Scala Developer","Morgan Stanley - 3.8
New York, NY","['CI/CD', 'Computer Science', 'RESTful API', '5 years', 'UNIX', 'Git', 'Java', 'SQL', ""Bachelor's degree"", 'Scala', 'Splunk', 'Computer Engineering', 'IT', 'Linux', 'Senior level', 'Jenkins', 'Python', 'Shell Scripting']","$158,000 a year"
Staff Machine Learning Engineer,"Ramp Financial
New York, NY","['Looker', 'PyTorch', '5 years', 'NumPy', 'Snowflake', 'SQL', 'Pandas', ""Bachelor's degree"", 'Machine learning', 'Back-end development', 'Purchasing', 'Fraud prevention and detection', 'Senior level', 'Python']","Full-time
$185,000 - $315,000 a year
9 days ago"
Engineer (React.js & JavaScript),"Cenzen Media
New York, NY","['CI/CD', 'CSS', 'React', 'RESTful API', 'Software deployment', 'Git', 'Mid-level', 'UI design', 'JavaScript', 'SCSS', 'ECMAScript', 'Adobe XD', 'Redux', 'SEO', 'UX', 'APIs', 'Agile', 'Front-end development', 'GraphQL', 'Figma', '2 years', 'TypeScript', 'HTML']","$30 - $50 an hour
3 days ago"
"Software Development Engineer, AWS Marketplace","Amazon Web Services, Inc. - 3.4
New York, NY","['Computer science', 'Computer Science', 'Mid-level', '3 years', 'AWS', ""Bachelor's degree"", 'Machine learning', 'Software development', 'Communication skills', 'SDLC', 'Design patterns']","Full-time
$129,300 - $223,600 a year"
Kubernetes Engineer,"QSS - 3.9
Manhattan, NY","['Kubernetes', 'Mid-level']","Full-time
Estimated: $106K - $122K a year
2 days ago"
Senior Backend Software Engineer,"S&P Global - 3.9
New York, NY","['Law', 'Kubernetes', 'RESTful API', '5 years', 'Data structures', 'Git', 'Algorithms', 'Docker', 'Machine learning', 'PostgreSQL', 'Natural language processing', 'Django', 'Text classification', 'APIs', 'Senior level', 'AI', 'Jenkins', 'Communication skills', 'Python', 'SDLC']","$150,000 - $225,000 a year"
Full Stack Engineer,"Trepp - 4.0
New York, NY","['Computer science', 'Node.js', 'Computer Science', 'React', 'Full-stack development', 'DevOps', 'Mid-level', '3 years', 'Docker', ""Bachelor's degree"", 'JavaScript', 'GitHub', 'APIs', 'AI', 'TypeScript']","From $125,000 a year
5 days ago"
Frontend Software Engineer - React / Typescript (Backstage),"Cast & Crew - 4.0
New York, NY","['Management', 'React', 'Kanban', 'DevOps', 'iOS', 'Accounting software', 'Mid-level', 'Application development', 'Project management', 'Back-end development', 'Redux', 'Django', 'Front-end development', '4 years', 'TypeScript', 'Communication skills', 'Python']","Full-time
$140,000 - $145,000 a year"
"Machine Learning Engineer II, Personalization","Spotify - 4.1
New York, NY","['Scikit-learn', 'TensorFlow', 'Law', 'PyTorch', 'Mid-level', 'Java', 'Machine learning', 'Scala', 'AI', 'Python', 'Under 1 year']","Permanent
$138,250 - $197,500 a year"
DevOps Engineer (NYC),"US Mobile - 3.6
New York, NY","['CI/CD', 'Computer science', 'Cloud infrastructure', 'Management', 'Computer Science', 'Software Engineering', 'Kubernetes', 'DevOps', '5G', 'Git', 'Google Cloud Platform', 'Mid-level', 'Bash', 'Database administration', 'Docker', ""Bachelor's degree"", 'Terraform', 'Continuous integration', 'Scripting', 'Agile', 'CircleCI', 'Jenkins', 'GitLab', 'Communication skills', 'Python', 'PowerShell', 'Shell Scripting']","Full-time
$140,000 - $200,000 a year
14 days ago"
"Staff Software Engineer, Infrastructure","Suno - 4.2
New York, NY","['Management', 'Kubernetes', 'Google Cloud Platform', 'AWS', 'Docker', 'Terraform', 'Senior level', 'Leadership']","Full-time
$170,000 - $240,000 a year"
C++ Developer,"Blue Peak Group LLC
New York, NY","['7 years', 'Object-oriented modeling', 'Computer Science', 'Trading', 'Mid-level', 'Finance', ""Master's degree"", 'Algorithms', 'OOP', 'Analysis skills', 'C++', ""Bachelor's degree"", 'Software development', 'Multithreading', 'Communication skills', 'Design patterns']","Contract
$80 - $82 an hour"
Software Engineer,"Point72 - 4.2
New York, NY","['CI/CD', '6 years', 'Computer Science', 'Software troubleshooting', 'Full-stack development', 'DevOps', '.NET', ""Master's degree"", ""Bachelor's degree"", 'Data science', 'Senior level', 'Communication skills', 'Python']","$125,000 - $175,000 a year"
Senior Software Engineer,"ThriveFantasy
New York, NY","['CI/CD', 'Cloud infrastructure', 'Management', 'Node.js', 'Full-stack development', 'Relational databases', 'Software deployment', 'Mid-level', '3 years', 'Databases', 'Terraform', 'GitHub', ""Associate's degree"", 'React Native', 'MySQL']","Full-time
$130,000 - $160,000 a year
11 days ago"
"Software Development Engineer II CreativeX, Amazon","Amazon.com Services LLC - 3.5
New York, NY","['Computer science', 'Computer Science', 'Mid-level', '3 years', ""Bachelor's degree"", 'Software development', 'APIs', 'SDLC', 'Design patterns']","Full-time
$129,300 - $223,600 a year"
Senior Front-End Engineer,"Mastercard - 4.0
New York, NY","['CI/CD', 'Cloud infrastructure', 'Node.js', 'React', 'DevOps', 'Data structures', 'NoSQL', 'PaaS', 'Test-driven development', 'Information security', 'BDD', 'JavaScript', 'Scala', 'Angular', 'Software development', 'Agile', 'Vue.js', 'Senior level', 'TypeScript', 'IaaS', 'Design patterns']","Full-time
$138,000 - $221,000 a year
12 days ago"
Machine Learning Engineer (Remote),"DataKind - 5.0
New York, NY","['Management', 'RESTful API', 'Data structures', 'Git', 'Google Cloud Platform', '3 years', 'Databases', 'Algorithms', 'SQL', 'Machine learning', 'PostgreSQL', 'Organizational skills', 'Software development', 'APIs', 'ETL', 'Cloud computing', 'Predictive analytics', 'Senior level', 'SaaS', 'Data warehouse', 'Python']","$106,000 - $120,000 a year
16 hours ago"
Senior Software Engineer,"Dow Jones - 3.9
New York, NY","['Computer science', 'Node.js', 'CSS', 'React', 'Full-stack development', 'Software deployment', 'Test-driven development', 'Mid-level', 'AWS', 'Express.js', 'Docker', 'JavaScript', 'Terraform', 'Redis', '2 years', 'Communication skills', 'HTML']","$110,000 - $140,000 a year
3 days ago"
"Full-Stack Lead Engineer, 25madison","25madison - 5.0
New York, NY","['CI/CD', 'Cloud infrastructure', 'Rust', 'Go', 'Node.js', 'React', 'Full-stack development', '5 years', 'Google Cloud Platform', 'AWS', 'Back-end development', 'GitHub', 'Data science', 'Senior level', 'Leadership', 'TypeScript', 'Communication skills', 'Python']","Full-time
$170,000 - $210,000 a year
3 days ago"
"Senior Software Engineer, 1","Dotdash Meredith - 3.1
New York, NY","['CI/CD', 'Performance tuning', 'Computer Science', 'Kanban', 'System design', 'Mid-level', 'Java', ""Bachelor's degree"", 'REST', 'Computer Engineering', 'Scrum', 'APIs', 'Agile', 'GraphQL', '4 years', 'Python', 'Information Technology']","Full-time
$125,000 - $150,000 a year"
Senior Backend Software Engineer,"GreenLite
New York, NY","['5 years', 'SQL', 'PostgreSQL', 'Software development', 'APIs', 'Senior level']","Full-time
$178,000 - $201,000 a year"
Software Engineer - Full-Stack,"Accrete - 3.0
New York, NY","['CI/CD', 'Data modeling', 'Management', 'Node.js', 'React', 'Kubernetes', 'RESTful API', 'Full-stack development', 'Software deployment', 'DevOps', 'NoSQL', 'Git', 'Google Cloud Platform', 'Mid-level', '3 years', 'Databases', 'Microservices', 'SQL', 'AWS', 'Docker', 'Machine learning', 'JavaScript', 'Back-end development', 'Angular', 'Django', 'APIs', 'Scalability', 'IT', 'Construction', 'Vue.js', 'Flask', 'AI']","Full-time
$140,000 - $190,000 a year
2 days ago"
"Sr. Software Development Engineer, Amazon Connect Cases (AWS)","Amazon.com Services LLC - 3.5
New York, NY","['Computer science', 'Computer Science', '5 years', 'NoSQL', 'AWS', ""Bachelor's degree"", 'Mentoring', 'Software development', 'S3', 'Service-oriented architecture', 'Senior level', 'AI', 'Leadership', 'SDLC', 'Design patterns', 'AWS Lambda']","Full-time
$151,300 - $261,500 a year"
Software Engineer,"Goliath Partners
New York, NY","['Trading', 'Mid-level', 'Application development', ""Bachelor's degree"", 'Django', 'Python']","$250,000 - $425,000 a year"
C++ Developer,"GFT Technologies SE - 4.2
New York, NY","['CI/CD', 'Computer science', '7 years', 'Management', 'Computer Science', 'Trading', 'Kubernetes', 'Test automation', 'C++', 'Docker', ""Bachelor's degree"", 'Computer networking', 'Agile', 'Financial services', 'Test cases', 'Integration testing', 'Unit testing', 'Senior level', 'Multithreading', 'Communication skills', 'Banking']","Contract
$900 a day
20 hours ago"
Senior Python Engineer,"Runwise - 5.0
New York, NY","['5 years', 'Senior level', 'Python']","$140,000 - $190,000 a year"
Front-End Developer- AI Trainer,"DataAnnotation - 3.9
New York, NY","['Kotlin', 'Go', 'CSS', 'React', 'Writing skills', 'C#', 'English', 'Mid-level', 'Java', 'SQL', 'C++', 'C', ""Bachelor's degree"", 'JavaScript', 'Swift', 'AI', 'Grammar Experience', 'TypeScript', 'Python', 'HTML']","Contract
From $40 an hour"
Principal Performance Engineer (Trading),"Fidelity Investments - 4.0
Jersey City, NJ","['Computer science', 'Ethereum', 'Oracle', 'Computer Science', 'Relational databases', 'Cucumber', 'Test automation', 'Employment & labor law', 'Selenium', 'Performance testing', 'Java', 'Databases', 'SQL', 'AWS', ""Bachelor's degree"", 'Splunk', 'Scripting', 'Scrum', 'Agile', 'IT', 'S3', 'Senior level', 'Cryptocurrency', 'Mechanical knowledge', 'Python', 'Shell Scripting', '10 years']","$85,000 - $179,000 a year"
iOS Engineer,"Stash
New York, NY","['Computer science', 'Computer Science', 'iOS development', 'Test-driven development', 'Mid-level', ""Master's degree"", ""Bachelor's degree"", 'Swift', 'Maven', '2 years']","Temp-to-hire | Full-time
$68 an hour
3 days ago"
"Staff Software Engineer, Backend","GlossGenius - 3.5
New York, NY","['Kotlin', 'React', 'System design', 'No experience needed', '3 years', 'Distributed systems', 'Ruby', 'Senior level', 'Leadership', 'React Native', 'Design patterns']","$219,500 - $258,000 a year"
iOS Software Engineer,"Suno - 4.2
New York, NY","['iOS development', 'RESTful API', 'iOS', 'Mid-level', '3 years', 'Computer networking', 'Swift', 'Communication skills']","Full-time
$130,000 - $180,000 a year"
"Software Engineer, iOS","current - 5.0
New York, NY","['Kotlin', 'MVC', 'iOS development', 'Mobile applications', 'iOS', 'System design', 'Mid-level', 'Computer networking', 'Swift', 'Multithreading', 'gRPC']","$150,000 - $200,000 a year"
C# Developer,"INFOTRON - 4.0
New York, NY","['Management', 'Computer Science', '5 years', 'C#', 'Git', '.NET', 'SOAP', 'SQL', 'OOP', ""Bachelor's degree"", 'SVN', 'REST', 'IT', 'Financial services', 'Senior level', 'Information Technology']","Full-time
$110,000 a year"
"Software Development Manager, Amazon Connect","Amazon Development Center U.S., Inc. - 3.4
New York, NY","['Program management', 'Management', '3 years', 'AWS', 'Team management', 'Product management', 'Mentoring', 'Recruiting', 'S3', 'Web services', 'Senior level', 'AI', 'Leadership', 'Design patterns', 'AWS Lambda']","Full-time
$166,400 - $287,700 a year
8 hours ago"
Software Engineer,"Sixth Street - 5.0
New York, NY","['Jira', 'CI/CD', 'Computer science', 'Computer Science', 'UNIX', 'NoSQL', 'Mid-level', 'Snowflake', 'AWS', 'Project management', 'Docker', 'PostgreSQL', 'Software development', 'GitHub', '2 years', 'Communication skills', 'Python', 'Shell Scripting']","Permanent | Full-time
$110,000 - $150,000 a year"
"Senior Software Engineer, NYC","Multiverse - 3.8
New York, NY","['5 years', 'DevOps', 'Senior level', 'AI', 'TypeScript']","Full-time
$130,000 - $195,000 a year"
"Staff Software Engineer, Backend","Metropolis - 3.3
New York, NY","['Computer science', 'B2C', 'Java', 'Distributed systems', 'Scala', 'Senior level', 'AI', 'Leadership', 'Communication skills', '10 years']","$220,000 - $250,000 a year"
Senior Software Engineer,"Orbis - 3.3
New York, NY","['.NET', 'C++', 'Financial services', 'Senior level']","Contract
$1,000 a day
1 day ago"
Software Engineer II,"Peloton - 3.2
New York, NY","['Performance tuning', 'iOS development', 'RESTful API', 'iOS', 'Git', 'Mid-level', 'Application development', 'Analysis skills', 'APIs', 'Mac OS', 'Agile', '2 years', 'Debugging']","$115,772 - $150,504 a year"
Lead Software Engineer - DevOps,"Williams-Sonoma, Inc. - 3.4
Brooklyn, NY","['CI/CD', 'Computer science', 'Node.js', 'Computer Science', 'Kubernetes', 'DevOps', 'Git', 'Java', '8 years', 'Docker', ""Bachelor's degree"", 'SRE', 'GitHub', 'Senior level', 'Maven', 'Groovy', 'Jenkins', 'Communication skills', 'Python', 'Shell Scripting', 'SDLC']","$135,000 - $165,000 a year"
Software Developer,"D. E. Shaw & Co., L.P. - 4.1
New York, NY","['Mid-level', 'Distributed systems', 'Software development']","Full-time
$200,000 a year"
Senior Software Engineer - Machine Learning,"Apple - 4.1
New York, NY","['CI/CD', 'Machine learning', 'Distributed systems', 'Scalability', 'Senior level', 'AI', 'Debugging']","Full-time
$175,800 - $312,200 a year"
Software Engineer,"Yext - 3.8
New York, NY","['Computer Science', 'Bachelor of Science', 'Data structures', 'Mid-level', 'Java', 'Algorithms', 'C++', ""Bachelor's degree"", '4 years', 'Python']","$119,700 - $258,000 a year
14 days ago"
"Software Engineer II, DevOps","ACLU - 4.2
New York, NY","['CI/CD', 'Cloud infrastructure', 'Azure', 'Node.js', 'React', 'DevOps', 'Content management systems', 'Google Cloud Platform', 'Mid-level', 'AWS', 'Docker', 'JavaScript', 'PostgreSQL', 'Terraform', 'SASS', 'Angular', 'Vulnerability management', 'Redshift', 'Vue.js', 'Flask', 'Python']","Full-time
$132,566 a year"
Principal Software Engineer,"Genentech - 4.0
New York, NY","['React', 'PyTorch', 'Responsive web design', 'SQL', 'Machine learning', 'Angular', '1 year', 'Senior level', 'AI', 'Leadership', 'Python']","Full-time
$145,100 - $269,500 a year"
"Software Development Engineer in Test Graduate (TikTok Global E-Commerce, USDS) - 2024 Start (BS, MS)","TikTok - 3.4
New York, NY","['CI/CD', 'Computer science', 'Go', 'Bachelor of Science', 'iOS', 'Java', ""Master's degree"", 'Change management', 'Quality assurance', ""Bachelor's degree"", 'Continuous improvement', 'Computer networking', 'Computer skills', 'Python', 'Entry level']","$123,040 a year"
Software Developer - AI Trainer,"DataAnnotation - 3.9
New York, NY","['Kotlin', 'Go', 'CSS', 'React', 'Writing skills', 'C#', 'English', 'Mid-level', 'Java', 'SQL', 'C++', 'C', ""Bachelor's degree"", 'JavaScript', 'Swift', 'AI', 'Grammar Experience', 'TypeScript', 'Python', 'HTML']","Contract
From $40 an hour"
"Specialist, Developer (Digital Personalization)","Macy’s - 3.6
New York, NY","['Web analytics', 'Management', 'CSS', 'Mid-level', ""Bachelor's degree"", 'JavaScript', 'APIs', 'Purchasing', 'IT', 'A/B testing', 'Data collection', 'Business requirements', 'Communication skills', 'Adobe Analytics', 'Multichannel marketing', 'HTML', 'Adobe Target', 'Stakeholder management']","$77,160 - $128,640 a year"
Sr Software Engineer,"Disney Entertainment & ESPN Technology - 3.4
New York, NY","['Computer Science', 'System architecture', 'NoSQL', 'Information Systems', 'AWS', ""Bachelor's degree"", 'Distributed systems', 'Scala', 'Sports', 'S3', 'DynamoDB', 'Senior level']","$138,900 - $203,900 a year
1 day ago"
Senior Software Engineer (Python),"Hatch - 4.0
New York, NY","['CI/CD', 'Kubernetes', 'RESTful API', '5 years', 'Software deployment', 'Test automation', 'NoSQL', 'Google Cloud Platform', 'MongoDB', 'Databases', 'AWS', 'Docker', 'PostgreSQL', 'REST', 'Django', 'GitHub', 'APIs', 'CircleCI', 'GraphQL', 'Flask', 'Senior level', 'Jenkins', 'Python']","Full-time
$150,000 - $200,000 a year"
Full-stack Software Engineer,"Scout AI
New York, NY","['CI/CD', 'Cloud infrastructure', 'Node.js', 'Computer Science', 'React', 'Kubernetes', 'RESTful API', 'Full-stack development', 'Load balancing', 'DevOps', 'System design', 'NoSQL', 'Google Cloud Platform', 'MongoDB', 'Mid-level', 'UI design', ""Master's degree"", 'Databases', 'AWS', 'Docker', ""Bachelor's degree"", 'Continuous improvement', 'JavaScript', 'PostgreSQL', 'Back-end development', 'UX', 'GitHub', 'APIs', 'Interviewing', 'GraphQL', 'SaaS', 'Electrical Engineering', 'AI', 'Figma', 'TypeScript', 'Python', 'Debugging', 'Under 1 year', 'MySQL']","Full-time
$140,000 - $160,000 a year
7 days ago"
Backend Developer,"Benefit Funds Office - 4.0
New York, NY","['ASP.NET', 'Computer science', 'Computer Science', 'CSS', 'Software troubleshooting', 'Web development', 'C#', 'Microsoft SQL Server', 'Git', 'Mid-level', '.NET', ""Bachelor's degree"", 'SVN', 'JavaScript', 'Back-end development', 'COBOL', 'Software development', 'Agile', 'TFS', '2 years', 'Communication skills', 'HTML']","Full-time
From $75,000 a year
22 hours ago"
Software Engineer - Backend,"dYdX - 5.0
New York, NY","['Computer science', 'Node.js', 'Computer Science', 'Blockchain', 'Mid-level', ""Master's degree"", ""Bachelor's degree"", 'JavaScript', 'PostgreSQL', 'REST', 'Contracts', 'APIs', '1 year', 'TypeScript', 'Python']","Full-time
$150,000 - $250,000 a year"
Staff Software Engineer,"CLEAR - Corporate - 2.4
New York, NY","['Data modeling', 'React', 'Kubernetes', 'Java', 'Application development', 'AWS', 'Docker', 'Cloud development', 'JavaScript', 'Software development', 'GitHub', '9 years', 'Senior level', 'TypeScript', 'Python']","$215,000 - $250,000 a year"
Lead Python Engineer,"ION - 1.9
New York, NY","['CI/CD', 'Management', 'Software troubleshooting', 'Agile', 'Flask', 'Senior level', '2 years', 'Python']","Full-time
$140,000 - $250,000 a year"
"Software Engineer, iOS (3+ years of experience)","Captions - 4.0
New York, NY","['Computer science', 'Data structures', 'iOS', 'Mid-level', '3 years', 'Algorithms', 'RxSwift', 'AI']","Full-time
$140,000 - $175,000 a year"
Staff Full Stack Software Engineer (Backend) - Employee Experience,"Rippling - 1.8
New York, NY","['Go', 'React', 'Full-stack development', 'Java', '8 years', 'Product management', 'Senior level', 'Python']","Full-time
$180,000 - $315,000 a year"
JavaScript & Angular Developer,"Cenzen Media
New York, NY","['CI/CD', 'AJAX', 'CSS', 'RESTful API', 'Software deployment', 'DevOps', 'Git', 'Mid-level', 'Responsive web design', 'JavaScript', 'SASS', 'Angular', 'UX', 'Agile', 'Front-end development', 'Less', 'UI', 'JSON', '2 years', 'TypeScript', 'HTML']","$30 - $60 an hour
3 days ago"
"Software Development Engineer, Ads Payments","Amazon.com Services LLC - 3.5
New York, NY","['CI/CD', 'Computer science', 'Elasticsearch', 'Computer Science', 'NoSQL', 'Mid-level', '3 years', 'AWS', ""Bachelor's degree"", 'Distributed systems', 'Software development', 'Kafka', 'DynamoDB', 'Communication skills', 'SDLC', 'Design patterns']","Full-time
$129,300 - $223,600 a year"
"Software Engineer, Services","Canoe Intelligence - 5.0
New York, NY","['Computer science', 'Computer Science', 'RESTful API', '5 years', ""Master's degree"", 'Microservices', 'AWS', 'Docker', ""Bachelor's degree"", 'PostgreSQL', 'REST', 'APIs', 'Kafka', 'Senior level', 'TypeScript', 'Python']","$130,000 - $165,000 a year"
Software Engineer,"Evolve ESolutions LLC
Hoboken, NJ","['7 years', 'Go', 'Computer Science', 'React', 'E-commerce', 'Java', ""Bachelor's degree"", 'Computer Information Systems', 'Software development', 'F#', 'Agile', 'Senior level', '2 years', 'Python']","Contract
$70 - $75 an hour
1 day ago"
Staff Software Engineer,"Ramp Financial
New York, NY","['3 years', 'Team management', 'Purchasing', 'Senior level', 'Leadership']","Full-time
$246,900 - $339,500 a year"
Senior Engineer iOS - Resy,"Amex - 4.1
New York, NY","['Jira', 'Computer science', 'Kotlin', 'Computer Science', 'React', 'iOS development', 'RESTful API', 'Bachelor of Science', 'iOS', 'Objective-C', ""Master's degree"", 'AWS', ""Bachelor's degree"", 'Confluence', 'REST', 'Redux', 'Computer Engineering', 'Software development', 'GitHub', 'S3', 'GraphQL', 'Swift', 'Senior level', '4 years', 'Figma', 'Jenkins', 'Python', 'Software architecture', 'MySQL']","$110,000 - $190,000 a year
3 days ago"
"Senior Lead Software Engineer - Python, Front office, trading","JPMorganChase - 3.9
New York, NY","['Computer science', 'Management', 'React', '5 years', 'Software deployment', 'System design', 'Application development', 'Analysis skills', 'Machine learning', 'Front desk', 'Financial services', 'Senior level', 'AI', 'TypeScript', 'Python', 'Office experience', 'SDLC']","Full-time
$171,000 - $260,000 a year"
Lead Software Developer: Generative AI,"D. E. Shaw & Co., L.P. - 4.1
New York, NY","['6 years', 'Software development', 'Senior level', 'AI', 'Leadership', 'Generative AI']","Full-time
$275,000 - $350,000 a year"
Sr. Backend Engineer,"Ro - 4.2
New York, NY","['Relational databases', '5 years', 'Databases', 'PostgreSQL', 'Distributed systems', 'Senior level', 'Python']","Full-time
$179,000 - $212,000 a year
9 days ago"
Front-End Developer- AI Trainer,"DataAnnotation - 3.9
New York, NY","['Kotlin', 'Go', 'CSS', 'React', 'Writing skills', 'C#', 'English', 'Mid-level', 'Java', 'SQL', 'C++', 'C', ""Bachelor's degree"", 'JavaScript', 'Swift', 'AI', 'Grammar Experience', 'TypeScript', 'Python', 'HTML']","Contract
From $40 an hour"
Back End Developer,"Technology Holdings North America Inc. - 3.0
New York, NY","['Cloud infrastructure', 'Go', 'Cassandra', 'Kubernetes', 'UNIX', 'Google Cloud Platform', '3 years', 'Bash', 'Databases', '8 years', 'AWS', 'Docker', 'Distributed systems', 'Terraform', 'Redis', 'Back-end development', 'Scripting', 'APIs', 'Senior level', 'Shell Scripting']","Full-time
$150,000 - $200,000 a year"
Back-End JAVA Developer- NYC/NJ ONLY! (NO REMOTE APPLICANTS),"LiveCare
New York, NY","['Spring Boot', 'Mid-level', 'Java', 'AWS', 'JavaScript', 'REST', 'APIs', '1 year', '2 years', 'Spring', 'MySQL', 'AWS Lambda']","Full-time
$80,000 - $100,000 a year"
"Senior Backend Engineer - Python, Webframeworks, SQL, MySQL, Postgres - Resy","Amex - 4.1
New York, NY","['Jira', 'RDBMS', 'Hospitality', 'Performance tuning', 'Computer science', 'Management', 'Computer Science', 'PCI', 'UNIX', 'MongoDB', 'Microservices', 'SQL', 'AWS', 'Project management', ""Bachelor's degree"", 'PostgreSQL', 'Django', 'APIs', 'S3', 'Linux', 'Kafka', 'Flask', 'Senior level', 'Python', 'MySQL']","$110,000 - $190,000 a year
3 days ago"
Full Stack Developer,"Rowan Technology
New York, NY","['Computer science', 'Kotlin', 'Management', 'Node.js', 'React', 'Bachelor of Science', 'Mid-level', 'Java', 'AWS', 'Docker', 'Bootcamp', ""Bachelor's degree"", 'Ruby on Rails', 'PostgreSQL', 'Angular', 'Ruby', 'Software development', 'GraphQL', '1 year', 'gRPC', 'Leadership', 'TypeScript', 'Communication skills']","Full-time
$110,000 - $140,000 a year"
Founding Full-Stack Software Engineer,"Fonzi AI
Brooklyn, NY","['React', 'DevOps', 'Mid-level', '3 years', 'SQL', 'JavaScript', 'APIs', 'AI', 'TypeScript']","Full-time
$150,000 - $210,000 a year"
"Specialist, Developer (Digital Personalization)","Macy’s - 3.6
New York, NY","['Web analytics', 'Management', 'CSS', 'Mid-level', ""Bachelor's degree"", 'JavaScript', 'APIs', 'Purchasing', 'IT', 'A/B testing', 'Data collection', 'Business requirements', 'Communication skills', 'Adobe Analytics', 'Multichannel marketing', 'HTML', 'Adobe Target', 'Stakeholder management']","$77,160 - $128,640 a year"
"Risk - New York- Associate, Software Engineering- 8456298","Goldman Sachs - 3.9
New York, NY","['Software Engineering', 'Mid-level', ""Master's degree"", 'OOP', ""Bachelor's degree"", '1 year']","$123,800 - $172,000 a year
22 hours ago"
"C++ Developer, Capital Markets","Business Integration Partners (BIP) - 3.0
New York, NY","['Computer Science', 'Software troubleshooting', 'Trading', '5 years', 'Data structures', 'NoSQL', 'Git', 'Test-driven development', 'Java', 'Finance', 'Algorithms', 'SQL', 'C++', ""Bachelor's degree"", 'APIs', 'Agile', 'Senior level', 'Python']","Full-time
$90,000 - $135,000 a year"
Manager of DevOps Engineering | Information Technology,"Rockefeller University - 4.2
New York, NY","['CI/CD', 'Computer science', 'TCP', 'System administration', 'Azure', 'Node.js', 'Kubernetes', 'Ansible', 'Vagrant', 'Kanban', 'DevOps', 'Git', 'GitLab CI/CD', '3 years', 'Bash', 'Application development', 'DHCP', 'AWS', 'Docker', ""Bachelor's degree"", 'Ruby on Rails', 'Virtualization', 'Splunk', 'New Relic', 'Perl', 'Mentoring', 'Scripting', 'DNS', 'Angular', 'Ruby', 'Organizational skills', 'Agile', 'VMWare', 'SSH', 'Linux', 'Apache', 'TCP/IP', 'Senior level', 'GitLab', 'Python', 'Teaching', 'Shell Scripting', 'NGINX']","Full-time
$125,000 - $150,000 a year"
Full Stack Developer,"Rethink
New York, NY","['MVC', 'CSS', 'Mobile applications', '.NET Core', 'C#', 'Microsoft SQL Server', 'Mid-level', '.NET', 'SQL', 'JavaScript', 'Angular', 'TypeScript', 'HTML', 'Design patterns']","Full-time
$50 - $60 an hour"
"Senior Java Developer, Capital Markets","Business Integration Partners (BIP) - 3.0
New York, NY","['CI/CD', 'UI development', 'Trading', 'React', 'Relational databases', '5 years', 'DevOps', 'System design', 'UNIX', 'Test automation', 'Bloomberg', 'Java', 'SQL', 'OOP', 'Analysis skills', 'Scripting', 'Software development', 'APIs', 'Agile', 'Linux', 'Service-oriented architecture', 'Senior level', ""Associate's degree"", 'Multithreading', 'Communication skills', 'Spring', 'Negotiation', 'HTML', 'Design patterns']","Full-time
$110,000 - $150,000 a year"
Platform Developer,"City National Bank - 3.6
New York, NY","['CI/CD', 'MCSA', 'Salesforce Certification', 'MCSE', 'Salesforce', 'Information Systems', 'Mid-level', ""Master's degree"", ""Bachelor's degree"", 'MTA', 'Systems engineering', 'Organizational skills', 'Software development', 'Agile', 'Financial services', 'Epic Certification', 'Unit testing', '4 years', 'Communication skills', 'Time management', 'SDLC']","$87,027 - $138,965 a year
10 days ago"
Backend Engineer (Bilingual in Mandarin),"Menusifu, Inc. - 3.1
New York, NY","['Bilingual', 'CI/CD', 'Mandarin', 'Node.js', 'Computer Science', 'Kubernetes', 'Web development', 'Fine dining experience', 'Big data', 'Bachelor of Science', 'DevOps', 'Data structures', 'System design', 'MongoDB', 'Mid-level', '3 years', 'Java', 'Microservices', 'SQL', 'OOP', 'AWS', 'Docker', ""Bachelor's degree"", 'Distributed systems', 'Back-end development', 'Data analytics', 'Software development', 'APIs', 'JSON', 'Integration testing', 'Kafka', 'Service-oriented architecture', 'SaaS', 'Communication skills', 'Design patterns']","Full-time
$80,000 - $150,000 a year"
JavaScript Developer (Mandarin MUST - Will Train - Nationwide),"Visa One Corporation
New York, NY","['Mandarin', 'AJAX', 'Node.js', 'CSS', 'Bootstrap', 'React', 'No experience needed', 'English', 'UI design', ""Master's degree"", ""Bachelor's degree"", 'JavaScript', 'Back-end development', 'SASS', 'Usability', 'REST', 'Angular', 'UX', 'Organizational skills', 'Agile', 'Web services', 'JSON', '1 year', '2 years', 'Communication skills', 'React Native', 'Entry level', 'HTML', 'Under 1 year']","Full-time | Internship
$60,000 - $85,000 a year
10 days ago"
Software Development Engineer 1,"Adobe - 4.3
New York, NY","['Computer science', 'Bachelor of Science', 'iOS', 'Mid-level', 'Windows', 'Java', 'Algorithms', 'C++', 'C', ""Bachelor's degree"", 'Machine learning', 'JavaScript', 'Distributed systems', 'Packaging', 'SDKs', 'Organizational skills', 'Data transformation', 'TypeScript', 'Communication skills', 'Design patterns']","Full-time
$76,000 - $152,200 a year
1 day ago"
Full Stack Developer,"Hook & Barrel, LLC - 3.0
United States","['Email marketing', 'Adobe Photoshop', 'Node.js', 'React', 'WordPress', 'Adobe Illustrator', 'PHP', 'JavaScript', 'PostgreSQL', 'Redis', 'Software development', 'APIs', 'GraphQL', 'Playwright', 'Senior level', 'AI', 'Google Analytics', '2 years', 'TypeScript', 'Analytics']","Full-time
$80,000 - $125,000 a year
7 days ago"
Microsoft Cloud Engineer,"Health Center, Inc. - 3.0
New York, NY","['Microsoft Windows Server', 'Microsoft Powerpoint', 'Computer science', 'ITIL Certification', 'Cloud infrastructure', 'Microsoft Excel', 'Azure', 'Computer Science', 'Customer service', '5 years', 'Engineering', 'Encryption', 'Information Systems', 'Windows', 'TLS', 'AWS', ""Bachelor's degree"", 'SSL', 'Scripting', 'DNS', 'SharePoint', 'VMWare', 'SSH', 'HTTPS', 'Senior level', 'Citrix', 'Communication skills', 'Microsoft Intune', 'Python', 'PowerShell', 'IaaS', 'Active Directory', 'Intune', 'Time management', 'VPN']","Full-time
$96,800 - $120,900 a year
7 days ago"
"Staff Software Engineer, Web Payments","Block, Inc. - 3.6
New York, NY","['React', 'Mid-level', 'AWS', 'JavaScript', 'SDKs', 'Mentoring', 'APIs', '1 year', 'Vue.js', 'TypeScript', 'Teaching']","Full-time
$185,200 - $326,800 a year
2 days ago"
Software Development Engineer in Test,"Adobe - 4.3
New York, NY","['Elixir', 'CI/CD', 'Computer science', 'React', 'Full-stack development', '5 years', 'Test automation', 'JavaScript', 'Back-end development', 'GitHub', 'GraphQL', 'Playwright', 'Senior level', 'TypeScript', 'Communication skills']","Full-time
$133,900 - $242,000 a year
10 days ago"
Software Developer - AI Trainer,"DataAnnotation - 3.9
New York, NY","['Kotlin', 'Go', 'CSS', 'React', 'Writing skills', 'C#', 'English', 'Mid-level', 'Java', 'SQL', 'C++', 'C', ""Bachelor's degree"", 'JavaScript', 'Swift', 'AI', 'Grammar Experience', 'TypeScript', 'Python', 'HTML']","Contract
From $40 an hour"
Senior Software Engineer - Scala,"Disney Entertainment & ESPN Technology - 3.4
New York, NY","['CI/CD', 'Computer science', 'Computer Science', 'Kubernetes', '5 years', 'Writing skills', 'Spark', 'System architecture', 'Java', 'Functional testing', 'AWS', ""Bachelor's degree"", 'Scala', 'Terraform', 'Software development', 'APIs', 'S3', 'Integration testing', 'Apache', 'DynamoDB', 'Senior level', 'Jenkins', 'Python', 'Design patterns']","$138,900 - $203,900 a year
2 days ago"
Sr Software Engineer,"Disney Entertainment & ESPN Technology - 3.4
New York, NY","['Computer Science', 'System architecture', 'NoSQL', 'Information Systems', 'AWS', ""Bachelor's degree"", 'Distributed systems', 'Scala', 'Sports', 'S3', 'DynamoDB', 'Senior level']","$138,900 - $203,900 a year
1 day ago"
Lead Backend Developer,"TXR
United States","['Jira', 'CI/CD', 'Management', 'Kubernetes', 'RESTful API', 'Git', 'Mid-level', 'AWS', 'Confluence', 'PostgreSQL', 'Back-end development', 'Django', 'GitHub', 'APIs', 'S3', 'HubSpot', '4 years', 'Communication skills', 'Python']","Full-time
$120,000 - $140,000 a year"
Jira Triage Analyst,"Aceolution - 2.6
New York, NY","['Jira', 'Pegasystems', 'Management', 'Mid-level', 'Qualtrics', 'SQL', 'Analysis skills', 'Confluence', 'ServiceNow', 'Kibana', 'Citrix', '2 years', 'Communication skills']","Contract
Estimated: $81K - $102K a year
4 days ago"
Principal Performance Engineer (Trading),"Fidelity Investments - 4.0
Jersey City, NJ","['Computer science', 'Ethereum', 'Oracle', 'Computer Science', 'Relational databases', 'Cucumber', 'Test automation', 'Employment & labor law', 'Selenium', 'Performance testing', 'Java', 'Databases', 'SQL', 'AWS', ""Bachelor's degree"", 'Splunk', 'Scripting', 'Scrum', 'Agile', 'IT', 'S3', 'Senior level', 'Cryptocurrency', 'Mechanical knowledge', 'Python', 'Shell Scripting', '10 years']","$85,000 - $179,000 a year"
Lead Machine Learning Engineer,"iVisa.com
United States","['TensorFlow', 'CI/CD', 'PyTorch', 'Google Cloud Platform', '3 years', 'AWS', 'Machine learning', 'Senior level', 'AI', 'Machine learning frameworks', 'Leadership', 'Communication skills', 'Python', 'MLOps']","Full-time
$120,000 - $160,000 a year"
"Software Engineer III, Gaming, AR","Google - 4.3
New York, NY","['Doctoral degree', 'Computer Science', 'Mid-level', 'Java', ""Master's degree"", 'C++', 'C', ""Bachelor's degree"", 'Doctor of Philosophy', 'JavaScript', 'Distributed systems', 'Natural language processing', 'Software development', '1 year', 'Distributed computing', 'AI', 'Python', 'Debugging']","Full-time
2 days ago"
Asset & Wealth Management - Software Engineer - Associate - New York,"Goldman Sachs - 3.9
New York, NY","['Spring Boot', 'CI/CD', 'Gradle', 'JUnit', 'Kubernetes', 'NoSQL', 'Git', 'Test-driven development', 'MongoDB', 'Mid-level', '3 years', 'Java', 'Microservices', 'SQL', 'AWS', 'Analysis skills', 'Docker', 'Machine learning', 'Distributed systems', 'REST', 'Financial services', 'Kafka', 'Maven', 'Multithreading', 'Communication skills', 'Spring']","Part-time | Full-time
$115,000 - $180,000 a year
1 day ago"
"Java Backend Engineer - Aladdin Engineering, Associate","BlackRock Investments - 3.8
New York, NY","['Azure', 'Computer Science', 'Cassandra', 'React', 'Kubernetes', 'Ansible', 'Relational databases', 'Software deployment', 'Bachelor of Science', 'DevOps', 'Microsoft SQL Server', 'NoSQL', 'Employee orientation', 'Git', 'Test-driven development', 'Google Cloud Platform', 'Research', 'Mid-level', '3 years', 'Java', ""Master's degree"", 'Databases', 'Microservices', 'SQL', 'AWS', 'Analysis skills', 'Docker', ""Bachelor's degree"", 'JavaScript', 'Product management', 'Master of Science', 'Terraform', 'Redis', 'REST', 'Angular', 'APIs', 'Sybase', 'Agile', 'Kafka', 'Unit testing', 'Middleware', 'Service-oriented architecture', 'Vue.js', 'Maven', 'AI', 'gRPC', 'Leadership', 'Communication skills', 'Spring', 'Hibernate', 'High availability', 'Design patterns']","$145,000 - $162,000 a year"
Software Engineer,"Morgan & Morgan, P.A. - 2.8
Brooklyn, NY","['Mid-level', 'Personal injury law']","Full-time
$120,000 a year
1 day ago"
Media Platform Software Development Engineer,"Adobe - 4.3
New York, NY","['Computer science', 'Bachelor of Science', 'iOS', 'Mid-level', 'Windows', 'Java', 'Algorithms', 'C++', 'C', ""Bachelor's degree"", 'Machine learning', 'JavaScript', 'Distributed systems', 'Packaging', 'SDKs', 'Organizational skills', 'Data transformation', 'TypeScript', 'Communication skills', 'Design patterns']","Full-time
$76,000 - $152,200 a year
1 day ago"
Lead Front-End Developer - E-Learning Group,"Longtail Education
New York, NY","['Svelte', 'Computer science', 'Computer Science', 'CSS', 'React', 'Bachelor of Science', 'Mid-level', 'Responsive web design', '3 years', ""Master's degree"", 'Analysis skills', ""Bachelor's degree"", 'JavaScript', 'Next.js', 'UI', 'Unit testing', 'TypeScript', 'Communication skills', 'HTML']","Full-time
$90,000 - $130,000 a year
1 day ago"
Python Developer,"Schrödinger - 3.0
New York, NY","['Test-driven development', 'Mid-level', 'OOP', 'Python']","$120,000 - $160,000 a year
9 days ago"
Asset & Wealth Management- Associate- New York- Software Engineer,"Goldman Sachs - 3.9
New York, NY","['Node.js', 'CSS', 'React', 'Full-stack development', 'Relational databases', 'Data structures', 'NoSQL', 'MongoDB', 'Mid-level', 'Java', 'Algorithms', 'OOP', 'JavaScript', 'REST', 'Angular', 'Sybase', '2 years', 'HTML', 'SDLC', 'Design patterns']","Part-time | Full-time
$115,000 - $180,000 a year"
Backend Engineer,"Bevel
New York, NY","['Mid-level', 'TypeScript', 'Python']","Full-time
$120,000 - $160,000 a year"
"Software Engineer, Frontend, 6+ Years of Experience","Snapchat - 3.6
New York, NY","['Computer science', '6 years', 'CSS', 'React', 'Kubernetes', 'Full-stack development', 'Bachelor of Science', 'System design', 'NoSQL', ""Master's degree"", 'Microservices', 'AWS', 'C', ""Bachelor's degree"", 'JavaScript', 'Distributed systems', 'Redis', 'Angular', 'Django', 'Unit testing', 'Flask', 'Senior level', 'AI', 'TypeScript', 'Python', 'HTML']","Full-time
$178,000 - $313,000 a year"
"Software Engineer (L5), Ads Measurement","Netflix - 3.9
New York, NY","['Adtech', 'Mid-level', 'Host/hostess experience', 'A/B testing', 'Martech', 'Leadership', 'Negotiation']","Full-time
$100,000 - $720,000 a year
10 days ago"
"Software Engineer, Video Processing","Captions - 4.0
New York, NY","['Rust', 'Mid-level', 'C++', 'Scalability', 'AI', 'Python']","Full-time
$170,000 - $230,000 a year
10 days ago"
"Software Development Engineer (SDE), Amazon Connect - Contact Control Panel","Amazon Development Center U.S., Inc. - 3.4
New York, NY","['Computer science', 'Law', 'Computer Science', 'NoSQL', 'Mid-level', '3 years', 'AWS', ""Bachelor's degree"", 'S3', 'AI', 'SDLC', 'Design patterns', 'AWS Lambda']","Full-time
$129,300 - $223,600 a year"
"Specialist, Developer (Digital Personalization)","Macy’s - 3.6
New York, NY","['Web analytics', 'Management', 'CSS', 'Mid-level', ""Bachelor's degree"", 'JavaScript', 'APIs', 'Purchasing', 'IT', 'A/B testing', 'Data collection', 'Business requirements', 'Communication skills', 'Adobe Analytics', 'Multichannel marketing', 'HTML', 'Adobe Target', 'Stakeholder management']","$77,160 - $128,640 a year"
Software Engineer III - C#/.Net - Neovest - New York,"JPMorganChase - 3.9
New York, NY","['CI/CD', 'Software troubleshooting', 'Trading', 'React', 'C#', 'English', 'UI design', '.NET', '3 years', 'SOAP', 'Redis', 'RabbitMQ', 'REST', 'Angular', 'Software development', 'Agile', 'Portfolio management', 'Kafka', 'Senior level', 'TypeScript', 'Debugging']","Full-time
$133,000 - $185,000 a year
10 days ago"
Software Developer | Advisor Practice P&L Reporting (Python/SQL),"Cerity Partners - 2.3
New York, NY","['Power BI', 'Microsoft Excel', 'Azure', 'Computer Science', 'Salesforce', 'Business analysis', 'Information Systems', 'Mid-level', 'SQL', 'Profit & loss', ""Bachelor's degree"", 'Cloud development', 'PostgreSQL', 'Organizational skills', 'Software development', 'APIs', 'Communication skills', 'Python']","$120,000 - $150,000 a year
9 days ago"
Software Engineer,"Garage - 3.4
New York, NY","['Computer Science', 'React', ""Master's degree"", ""Bachelor's degree"", 'GitHub', '1 year', 'TypeScript', 'Entry level']","Full-time
$125,000 - $175,000 a year
1 day ago"
"Software Engineer (L5), Ads Delivery Management","Netflix - 3.9
New York, NY","['Adtech', 'Mid-level', 'Host/hostess experience', 'Martech', 'Metadata', 'Negotiation']","Full-time
$100,000 - $720,000 a year"
"Java Engineer, Associate","BlackRock Investments - 3.8
New York, NY","['CI/CD', 'Computer science', 'Kotlin', 'Computer Science', 'Relational databases', 'Bachelor of Science', 'UNIX', 'Employee orientation', 'Git', 'Mid-level', '3 years', 'Java', 'Analysis skills', ""Bachelor's degree"", 'Distributed systems', 'Product management', 'Scrum', 'APIs', 'Linux', 'Distributed computing', 'SDLC']","$132,500 - $162,000 a year"
Software Engineer - Services Engineering,"Apple - 4.1
New York, NY","['CI/CD', 'Computer science', 'Kotlin', 'Computer Science', 'Data structures', 'iOS', 'Mid-level', 'Java', ""Master's degree"", 'Databases', 'Algorithms', ""Bachelor's degree"", 'Distributed systems', 'Agile', 'Kafka']","Full-time
$143,100 - $264,200 a year
1 day ago"
"Software Engineer, Identity and Access Management","MongoDB - 3.6
New York, NY","['Go', 'React', 'Full-stack development', 'C#', 'MongoDB', 'Mid-level', 'Java', 'AWS', 'C++', 'JavaScript', 'Redux', 'AI', '2 years', 'TypeScript', 'Communication skills', 'Identity & access management']","$101,000 - $198,000 a year"
"Front End Engineer II - CreativeX, CreativeX - Creative Building","Amazon.com Services LLC - 3.5
New York, NY","['Computer science', 'Node.js', 'CSS', 'Data structures', 'Mid-level', 'ROI', 'OOP', 'Analysis skills', 'JavaScript', 'Angular', 'Software development', 'Agile', '1 year', 'TypeScript', 'HTML']","Full-time
$129,300 - $223,600 a year"
"Front-End Engineer (React+Electron), All Levels - NYC","Medal - 3.4
New York, NY","['CI/CD', 'Kotlin', 'Node.js', 'Salt', 'React', 'Kubernetes', 'C#', 'iOS', 'Mid-level', 'Java', 'C++', 'JavaScript', 'Terraform', 'Redis', 'RabbitMQ', 'Redux', 'GitHub', 'CircleCI', 'Swift']","Full-time
$120,000 - $250,000 a year"
"Software Development Engineer, Amazon Connect Cases (AWS)","Amazon Development Center U.S., Inc. - 3.4
New York, NY","['Computer science', 'Pricing', 'Computer Science', 'C#', 'NoSQL', 'Mid-level', '.NET', 'Java', ""Master's degree"", 'OOP', 'AWS', 'C++', ""Bachelor's degree"", 'Machine learning', 'Back-end development', 'Mentoring', 'Software development', 'S3', 'Service-oriented architecture', 'AI', 'Leadership', '2 years', 'Communication skills', 'SDLC', 'Design patterns', 'AWS Lambda']","Full-time
$129,300 - $223,600 a year
9 hours ago"
Backend Engineer,"Spotify - 4.1
New York, NY","['Writing skills', 'Data structures', 'System design', 'Java', 'Distributed systems', 'APIs', 'Senior level', 'Under 1 year']","Permanent
$160,091 - $228,702 a year
2 days ago"
Staff Software Engineer [Frontend] - Square Web Banking,"Block, Inc. - 3.6
New York, NY","['React', 'Web development', '11+ years', 'Ember.js', 'SASS', 'Mentoring', 'Senior level', 'TypeScript']","Full-time
$263,600 - $395,400 a year"
Front End Web Developer,"Manhattan Institute for Policy Research - 3.7
New York, NY","['CI/CD', 'Business intelligence', 'CSS', 'WordPress', 'Web development', '5 years', 'Writing skills', 'Tableau', 'AWS', 'JavaScript', 'Front-end development', 'Senior level', 'LAMP stack', 'Communication skills']","$90,000 - $115,000 a year
1 day ago"
"Software Dev Engineer II, AWS Clean Rooms","Amazon Web Services, Inc. - 3.4
New York, NY","['Computer science', 'Pricing', 'Computer Science', 'Mid-level', '3 years', 'AWS', ""Bachelor's degree"", 'Distributed systems', 'APIs', 'DynamoDB', 'SDLC', 'Design patterns']","Full-time
$129,300 - $223,600 a year
9 hours ago"
Kubernetes Engineer,"Evolve ESolutions LLC
New York, NY","['Kubernetes', 'Software deployment', 'PaaS', 'Mid-level', 'Cloud Native Design', 'Red Hat OpenShift', 'Azure Kubernetes Service (AKS)', '9 years']","Contract
$60 - $75 an hour
1 day ago"
Software Developer: Generative AI,"D. E. Shaw & Co., L.P. - 4.1
New York, NY","['AI models', 'Law', 'Mid-level', 'Software development', 'AI', 'Generative AI']","Full-time
$200,000 - $250,000 a year"
Lead Software Engineer - C#/.Net - Neovest -New York,"JPMorganChase - 3.9
New York, NY","['CI/CD', 'Software troubleshooting', 'Trading', '5 years', 'C#', 'System design', 'English', 'UI design', '.NET', 'Application development', 'SOAP', 'Machine learning', 'Redis', 'RabbitMQ', 'REST', 'Software development', 'Agile', 'IT', 'Portfolio management', 'Kafka', 'Senior level', 'AI']","Full-time
$152,000 - $215,000 a year
10 days ago"
"Software Engineer 3, Pro Health","The Farmer's Dog - 3.5
New York, NY","['CI/CD', 'Data modeling', 'Node.js', 'Customer retention', 'React', 'Mid-level', 'Analysis skills', 'JavaScript', 'Mentoring', 'Angular', 'Software development', 'Budgeting', 'Vue.js', 'TypeScript', 'Communication skills']","$155,000 - $175,000 a year
1 day ago"
"Front End Engineer (FEE) II, Amazon Connect - Contact Control Panel","Amazon Development Center U.S., Inc. - 3.4
New York, NY","['Computer science', 'Node.js', 'Law', 'CSS', 'React', 'Data structures', 'OOP', 'AWS', 'Analysis skills', 'JavaScript', 'Angular', 'Software development', 'Agile', 'S3', '1 year', 'AI', 'TypeScript', 'Entry level', 'HTML', 'AWS Lambda']","Full-time
$129,300 - $223,600 a year
1 day ago"
Platform Developer,"City National Bank - 3.6
New York, NY","['CI/CD', 'MCSA', 'Salesforce Certification', 'MCSE', 'Salesforce', 'Information Systems', 'Mid-level', ""Master's degree"", ""Bachelor's degree"", 'MTA', 'Systems engineering', 'Organizational skills', 'Software development', 'Agile', 'Financial services', 'Epic Certification', 'Unit testing', '4 years', 'Communication skills', 'Time management', 'SDLC']","$87,027 - $138,965 a year
10 days ago"
"Software Developer, Item Relationships","Amazon.com Services LLC - 3.5
New York, NY","['Computer science', 'Computer Science', 'Mid-level', '3 years', ""Bachelor's degree"", 'Machine learning', 'SDLC', 'Design patterns']","Full-time
$129,300 - $223,600 a year"
Python Desk Developer,"Barclays - 3.9
New York, NY","['Microsoft Excel', 'Trading', 'Senior level', 'Python', 'SDLC']","$174,350 - $192,000 a year"
Analyst/Report Developer,"Hospital for Special Surgery - 4.2
New York, NY","['Mid-level', 'SQL', 'Analysis skills', ""Bachelor's degree"", 'Epic Certification', '2 years']","Full-time
$79,500 - $121,125 a year"
Full-Stack Web Developer,"Manhattan Institute for Policy Research - 3.7
New York, NY","['Web design', 'CI/CD', 'Cloud infrastructure', 'Business intelligence', 'Data lake', 'WordPress', 'Web development', 'Full-stack development', '5 years', 'Writing skills', 'Tableau', 'Snowflake', 'AWS', 'APIs', 'Senior level', 'LAMP stack', 'Communication skills']","$150,000 - $200,000 a year
1 day ago"
"Software Dev Engineer (SDE-T), Amazon Connect - Contact Control Panel","Amazon Development Center U.S., Inc. - 3.4
New York, NY","['Penetration testing', 'Computer science', 'Vulnerability assessment', 'Law', 'C#', 'System architecture', 'Test automation', 'NoSQL', 'Mid-level', 'Java', 'OOP', 'AWS', 'C++', 'Software development', 'Scalability', 'S3', 'Web services', 'Linux', '1 year', 'AI', 'AWS Lambda']","Full-time
$129,300 - $223,600 a year
9 hours ago"
Associate Software Engineer - Goldman Sachs Electronic Trading (GSET) - NYC - GBM Public,"Goldman Sachs - 3.9
New York, NY","['Computer science', 'Sourcing', 'Computer Science', 'Order management system', 'Data structures', 'Mid-level', 'Java', 'Algorithms', 'C++', ""Bachelor's degree"", 'HR sourcing', 'Linux', '2 years', 'Communication skills']","Part-time | Full-time
$115,000 - $180,000 a year"
"Front-End Engineer, Amazon Connect (AWS)","Amazon Web Services, Inc. - 3.4
New York, NY","['Computer science', 'Node.js', 'CSS', 'Data structures', 'NoSQL', 'Mid-level', 'OOP', 'AWS', 'Analysis skills', 'JavaScript', 'Angular', 'Software development', 'Agile', 'S3', '1 year', 'Service-oriented architecture', 'AI', 'TypeScript', 'HTML', 'AWS Lambda']","Full-time
$129,300 - $223,600 a year"
"Backend Engineer (Java), All Levels - NYC","Medal - 3.4
New York, NY","['CI/CD', 'Elasticsearch', 'Kotlin', 'Cloud infrastructure', 'Management', 'Node.js', 'Salt', 'React', 'Kubernetes', 'RESTful API', 'Relational databases', 'C#', 'iOS', 'Git', 'Test-driven development', 'Google Cloud Platform', 'Java', 'AWS', 'C++', 'Docker', 'PostgreSQL', 'Terraform', 'Redis', 'RabbitMQ', 'REST', 'Redux', 'Memcached', 'GitHub', 'CircleCI', 'Swift', 'Senior level', 'Chef', 'Project leadership', 'Leadership', 'Python', 'MySQL']","Full-time
$120,000 - $250,000 a year"
Full-Stack Founding Software Engineer,"Brooklyn Navy Yard Development Corporation - 4.5
Brooklyn, NY","['Cloud infrastructure', 'Bootstrap', 'React', 'Full-stack development', 'System design', 'English', 'Google Cloud Platform', 'SQL', 'PostgreSQL', 'Django', 'Software development', 'Senior level', 'TypeScript', 'Communication skills', 'Python']","Part-time | Full-time
$140,000 a year"
"Software Development Engineer, Amazon Connect - Contact Control Panel","Amazon Development Center U.S., Inc. - 3.4
New York, NY","['Computer science', 'Law', 'Computer Science', 'React', 'Mid-level', '3 years', 'AWS', ""Bachelor's degree"", 'S3', 'AI', 'SDLC', 'Design patterns', 'AWS Lambda']","Full-time
$129,300 - $223,600 a year
1 day ago"
"Software Development Engineer in Test Graduate (TikTok Global E-Commerce, USDS) - 2024 Start (BS, MS)","TikTok - 3.4
New York, NY","['CI/CD', 'Computer science', 'Go', 'Bachelor of Science', 'iOS', 'Java', ""Master's degree"", 'Change management', 'Quality assurance', ""Bachelor's degree"", 'Continuous improvement', 'Computer networking', 'Computer skills', 'Python', 'Entry level']","$123,040 a year"
"Software Engineer, Macro Middle Office Technology","Point72 - 4.2
New York, NY","['CI/CD', 'C#', 'Test-driven development', 'Mid-level', '.NET', '3 years', 'SQL', 'Analysis skills', 'Software development', 'Agile', 'Financial services', 'Communication skills', 'SDLC']","$200,000 - $250,000 a year
14 days ago"
Software Engineer - Asset Servicing - Associate - NYC - GBM Public,"Goldman Sachs - 3.9
New York, NY","['Software troubleshooting', 'React', 'C#', 'NoSQL', 'MongoDB', 'Mid-level', 'Java', 'Databases', 'SQL', 'Analysis skills', 'C++', 'Machine learning', 'JavaScript', 'Scala', 'Redux', '2 years', 'Communication skills', 'Python']","Part-time | Full-time
$115,000 - $180,000 a year"
"Developer Advocate, Python","Meta - 4.1
New York, NY","['Computer science', 'Computer Science', 'Mid-level', 'Presentation skills', ""Bachelor's degree"", 'Machine learning', 'Computer Engineering', '2 years', 'Python']","$147,000 - $203,000 a year"
Software Engineer,"Ramp Financial
New York, NY","['React', 'Mid-level', 'JavaScript', 'Purchasing', 'TypeScript']","Full-time
$155,000 - $213,200 a year"
"Senior Full Stack iOS Software Engineer, Computer Vision","GameChanger - 3.4
New York, NY","['Growing experience', 'Management', 'iOS development', 'Computer vision', '5 years', 'Mobile applications', 'iOS', 'Application development', 'Machine learning', 'Sports', 'Senior level', 'Multithreading']","Full-time
$160,000 - $200,000 a year
5 days ago"
Backend Engineer III - Accounts Team,"Stash
New York, NY","['CI/CD', 'Go', 'Kubernetes', 'Mid-level', '3 years', 'AWS', 'Continuous improvement', 'PostgreSQL', 'Terraform', 'Software development', 'Kafka', 'Maven', 'Banking', 'Debugging']","$113,923 - $170,884 a year
1 day ago"
Scientific Python Developer,"Schrödinger - 3.0
New York, NY","['Biology', 'Doctoral degree', 'Writing skills', 'Mid-level', ""Master's degree"", 'Doctor of Chemistry', 'OOP', 'Doctor of Philosophy', 'Software development', 'Chemistry', 'Python']","Full-time
$120,000 - $160,000 a year
9 days ago"
Frontend Engineer,"Tarro - 3.0
Long Island City, NY","['Rust', 'WebAssembly', 'CSS', 'React', 'Mid-level', 'Fundraising', 'S3', '2 years', 'Restaurant experience', 'TypeScript', 'HTML']","Full-time
$180,000 - $250,000 a year
14 days ago"
Front-End Developer- AI Trainer,"DataAnnotation - 3.9
New York, NY","['Kotlin', 'Go', 'CSS', 'React', 'Writing skills', 'C#', 'English', 'Mid-level', 'Java', 'SQL', 'C++', 'C', ""Bachelor's degree"", 'JavaScript', 'Swift', 'AI', 'Grammar Experience', 'TypeScript', 'Python', 'HTML']","Contract
From $40 an hour"
Full Stack Engineer with AWS Expertise,"Helix Tech IT solution
New York, NY","['Software troubleshooting', 'Full-stack development', 'Software deployment', 'Mid-level', '3 years', 'Java', 'AWS', 'Database management', 'C', 'JavaScript', 'Back-end development', 'REST', 'GitHub', 'APIs', 'Front-end development', '2 years', 'Python', 'MySQL']","Full-time
$108,228.44 - $130,339.63 a year
4 days ago"
"iOS Engineer, All Levels - NYC","Medal - 3.4
New York, NY","['iOS development', 'RESTful API', 'iOS', 'Objective-C', 'Mid-level', 'Application development', 'Continuous integration', 'REST', 'GitHub', 'Mac OS', 'Swift', 'Figma']","Full-time
$120,000 - $220,000 a year"
"Software Dev Engineer II, AWS Clean Rooms","Amazon Development Center U.S., Inc. - 3.4
New York, NY","['Computer science', 'Pricing', 'Computer Science', 'Mid-level', '3 years', 'AWS', ""Bachelor's degree"", 'Distributed systems', 'APIs', 'DynamoDB', 'SDLC', 'Design patterns']","Full-time
$129,300 - $223,600 a year
9 hours ago"
Python and C# developer,"AllocateRite, LLC - 5.0
New York, NY","['Law', 'Doctoral degree', 'Web development', 'C#', 'Mathematics', 'SQL', 'Analysis skills', 'Machine learning', 'Doctor of Philosophy', 'Physics', 'UX', 'Senior level', 'Pair programming', 'Communication skills', 'Python']","Full-time
$125,000 - $150,000 a year"
"Software Engineer (JavaScript, Next.js, React)","Complex - 3.9
New York, NY","['Management', 'React', '5 years', 'Google Ad Manager', 'Google Tag Manager', 'JavaScript', 'SDKs', 'SEO', 'APIs', 'Front-end development', 'A/B testing', 'Martech', 'Senior level', 'Google Analytics', 'Debugging']","Full-time
$115,000 - $140,000 a year"
Front-end Angular Developer,"Intone Networks - 4.1
New York, NY","['Mid-level', 'Angular', '2 years']","Contract
Estimated: $108K - $134K a year"
"Software Development Engineer, Twitch Advertising","Amazon.com Services LLC - 3.5
New York, NY","['Computer science', 'Computer Science', 'Mid-level', '3 years', ""Bachelor's degree"", 'SDLC', 'Design patterns']","Full-time
$129,300 - $223,600 a year
1 day ago"
Junior AI & Search Solutions Developer,"Skadden, Arps, Slate, Meagher & Flom LLP & Affiliates - 4.0
New York, NY","['Computer science', 'Computer Science', 'CSS', 'Software Engineering', 'React', 'Relational databases', 'Git', 'Research', 'Windows', '.NET', 'Prompt engineering', 'Analysis skills', ""Bachelor's degree"", 'Machine learning', 'Angular', 'UX', 'Organizational skills', 'Software development', 'GitHub', 'SSH', 'Linux', '1 year', 'Machine learning libraries', 'AI', 'TypeScript', 'Communication skills', 'Python', 'Entry level']","Full-time
$80,000 - $90,000 a year
8 days ago"
Sr. Full Stack Engineer,"Adobe - 4.3
New York, NY","['Elixir', 'Node.js', 'WebAssembly', 'React', 'Data structures', 'Docker', 'Product development', 'Terraform', 'REST', 'Redux', 'Software development', 'APIs', 'Unit testing', 'GraphQL', 'Senior level']","Full-time
$153,600 - $286,600 a year
3 days ago"
"Sr. Software Engineer, Front-End","Disney Entertainment & ESPN Technology - 3.4
New York, NY","['Node.js', 'Computer Science', 'CSS', 'React', 'Web development', '5 years', 'Information Systems', 'AWS', ""Bachelor's degree"", 'JavaScript', 'SASS', 'S3', 'Less', 'Senior level', 'Communication skills']","$142,516 - $191,180 a year
11 days ago"
"Backend Software Engineer, Infrastructure Platform","TikTok - 3.4
New York, NY","['Web design', 'Computer science', 'Go', 'Computer Science', 'Bachelor of Science', 'UNIX', 'Mid-level', 'Java', 'C++', 'C', ""Bachelor's degree"", 'Software development', 'Linux', 'Python']","$136,800 - $280,000 a year"
"Software Engineer II, Commerce","Fox Corporation - 3.9
New York, NY","['Rust', 'Go', 'Mid-level', 'E-commerce', 'AWS', 'Contracts', 'APIs']","Full-time
$95,000 - $144,000 a year
3 days ago"
Software Engineer (Python/C++),"Virtu Financial - 3.3
New York, NY","['UNIX', 'Mid-level', 'Java', 'C++', 'Linux', 'Communication skills', 'Python']","$175,000 - $225,000 a year"
Staff Software Engineer - Backend,"ResortPass
New York, NY","['Node.js', 'MongoDB', 'AWS', 'Ruby on Rails', 'Senior level']","$200,000 - $240,000 a year"
"Software Engineer, New York","Talos Global
New York, NY","['Computer science', 'Go', 'Computer Science', 'Bachelor of Science', 'C#', 'Mid-level', '3 years', 'Java', ""Master's degree"", 'C++', ""Bachelor's degree"", 'Master of Science', 'Python']","Full-time
$140,000 - $200,000 a year"
Senior Software Engineer-Full Stack,"K. Hovnanian Homes - 3.4
New York, NY","['Full-stack development', '5 years', 'SQL', 'JavaScript', 'Product management', 'Organizational skills', 'Agile', 'Senior level', 'AI', 'Python', 'SDLC']","Full-time
$160,000 - $175,000 a year"
"Software Engineer, Web (7+ years of experience)","Captions - 4.0
New York, NY","['7 years', 'WebAssembly', 'React', 'Express.js', 'Angular', 'Software development', 'Vue.js', 'Senior level', 'AI']","Full-time
$170,000 - $220,000 a year"
"Software Development Engineer, Amazon Ads","Amazon.com Services LLC - 3.5
New York, NY","['Computer science', 'Computer Science', 'React', 'Full-stack development', 'Mid-level', '3 years', 'Java', ""Bachelor's degree"", 'Machine learning', 'JavaScript', 'APIs', 'HTML', 'SDLC', 'Design patterns']","Full-time
$129,300 - $223,600 a year"
"Front End Engineer, Amazon Advertising","Amazon.com Services LLC - 3.5
New York, NY","['Computer science', 'Node.js', 'CSS', 'Software troubleshooting', 'Data structures', 'Mid-level', 'OOP', 'Analysis skills', 'JavaScript', 'Angular', 'Software development', 'Agile', '1 year', 'TypeScript', 'HTML']","Full-time
$129,300 - $223,600 a year"
"Specialist, Developer (Digital Personalization)","Macy’s - 3.6
New York, NY","['Web analytics', 'Management', 'CSS', 'Mid-level', ""Bachelor's degree"", 'JavaScript', 'APIs', 'Purchasing', 'IT', 'A/B testing', 'Data collection', 'Business requirements', 'Communication skills', 'Adobe Analytics', 'Multichannel marketing', 'HTML', 'Adobe Target', 'Stakeholder management']","$77,160 - $128,640 a year"
Senior Software Engineer - Scala,"Disney Entertainment & ESPN Technology - 3.4
New York, NY","['CI/CD', 'Computer science', 'Computer Science', 'Kubernetes', '5 years', 'Writing skills', 'Spark', 'System architecture', 'Java', 'Functional testing', 'AWS', ""Bachelor's degree"", 'Scala', 'Terraform', 'Software development', 'APIs', 'S3', 'Integration testing', 'Apache', 'DynamoDB', 'Senior level', 'Jenkins', 'Python', 'Design patterns']","$138,900 - $203,900 a year
2 days ago"
Sr Software Engineer,"Disney Entertainment & ESPN Technology - 3.4
New York, NY","['Computer Science', 'System architecture', 'NoSQL', 'Information Systems', 'AWS', ""Bachelor's degree"", 'Distributed systems', 'Scala', 'Sports', 'S3', 'DynamoDB', 'Senior level']","$138,900 - $203,900 a year
1 day ago"
Full Stack (Backend) Software Engineer II - Employee Experience,"Rippling - 1.8
New York, NY","['Go', 'Management', 'React', 'Full-stack development', 'Mid-level', 'Java', 'Product management', 'LMS', '2 years', 'Python']","Full-time
$135,000 - $236,250 a year"
Java Software Engineer III,"JPMorganChase - 3.9
New York, NY","['Spring Boot', 'CI/CD', 'Cassandra', 'Software troubleshooting', 'React', 'RESTful API', 'DevOps', 'Business analysis', 'System design', '3 years', 'Java', 'Application development', 'Business development', 'AWS', 'Machine learning', 'Cloud development', 'Angular', 'GitHub', 'Agile', 'Kafka', 'Senior level', 'AI', 'Jenkins', 'Debugging', 'SDLC']","Full-time
$133,000 - $185,000 a year
2 days ago"
"Senior Software Engineer, Documentation","MongoDB - 3.6
New York, NY","['CI/CD', 'React', '5 years', 'Git', 'MongoDB', 'Gatsby', 'AWS', 'JavaScript', 'Senior level', 'AI', 'TypeScript', 'Communication skills']","$118,000 - $231,000 a year"
"Software Dev Engineer - Amazon Connect, Amazon Connect - Identity Management and Access Control","Amazon Development Center U.S., Inc. - 3.4
New York, NY","['Computer science', 'Computer Science', 'NoSQL', 'Mid-level', '3 years', 'AWS', ""Bachelor's degree"", 'S3', 'Service-oriented architecture', 'AI', 'SDLC', 'Design patterns', 'AWS Lambda']","Full-time
$129,300 - $223,600 a year"
"Software Engineer (L5), Ads Identity Graph","Netflix - 3.9
New York, NY","['Data modeling', 'Adtech', 'Big data', 'Spark', 'Mid-level', 'Snowflake', 'Host/hostess experience', 'Algorithms', 'Distributed systems', 'Martech', 'Negotiation']","Full-time
$100,000 - $720,000 a year"
Frontend Engineer,"Accrete - 3.0
New York, NY","['CI/CD', 'Azure', 'Management', 'Law', 'WebAssembly', 'CSS', 'VueX', 'Bootstrap', 'React', 'RESTful API', 'Git', 'Google Cloud Platform', 'Mid-level', 'Responsive web design', '3 years', 'AWS', 'Continuous improvement', 'JavaScript', 'Redux', 'APIs', 'GraphQL', 'Data visualization', 'Vue.js', 'AI', 'TypeScript', 'Debugging', 'HTML']","Full-time
$120,000 - $160,000 a year
2 days ago"
"Front-end Engineer - AWS Marketplace, AWS Marketplace Saas","Amazon Web Services, Inc. - 3.4
New York, NY","['Computer science', 'Node.js', 'CSS', 'Data structures', 'Mid-level', 'OOP', 'AWS', 'Analysis skills', 'JavaScript', 'Distributed systems', 'Angular', 'Software development', 'Agile', 'Web services', '1 year', 'TypeScript', 'Communication skills', 'HTML']","Full-time
$129,300 - $223,600 a year"
"Software Engineer 3, Billing","MongoDB - 3.6
New York, NY","['Software troubleshooting', 'MongoDB', 'Mid-level', '3 years', 'Java', 'AWS', 'Distributed systems', 'AI', 'Communication skills']","$101,000 - $198,000 a year"
"Staff Backend Engineer, Mobile Team","Via - 3.2
New York, NY","['Kubernetes', '5 years', 'C#', 'Java', 'Databases', 'SQL', 'OOP', 'AWS', 'Analysis skills', 'C++', 'Agile', 'Senior level', 'Multithreading', 'Python', 'MySQL', 'Design patterns']","Full-time
$200,000 - $275,000 a year"
"Staff iOS Software Engineer, Gameday","GameChanger - 3.4
New York, NY","['Kotlin', 'Node.js', 'iOS development', 'iOS', 'Mid-level', 'AWS', 'Continuous improvement', 'PostgreSQL', 'Redis', 'Organizational skills', 'Sports', 'APIs', 'Swift', 'Android development', 'TypeScript']","Full-time
$200,000 - $240,000 a year"
Backend Team Lead,"Audicus - 4.0
New York, NY","['5 years', 'Databases', 'Business development', 'Project management', 'Telehealth', 'Back-end development', 'Senior level', 'Communication skills', 'Python', 'Marketing']","$180,000 - $200,000 a year"
Software Engineer - Payments,"Brigit
New York, NY","['Kubernetes', 'Google Cloud Platform', 'Mid-level', '3 years', 'Java', 'SQL', 'Docker', 'Ruby on Rails', 'PostgreSQL', 'REST', 'ACH', 'APIs', 'User flows']","Full-time
$135,000 - $180,000 a year"
Full-Stack Software Engineer,"Tennr
New York, NY","['AI models', 'Full-stack development', 'Mid-level', '3 years', 'Machine learning', 'JavaScript', 'AI', 'TypeScript', 'Communication skills']","Full-time
$180,000 - $240,000 a year"
"Machine Learning, Software Engineer","PermitFlow
New York, NY","['Scikit-learn', 'TensorFlow', 'Elasticsearch', 'Bluebeam', 'Azure', 'Law', 'PyTorch', 'Software deployment', 'Google Cloud Platform', 'Mid-level', '3 years', 'AWS', 'Machine learning', 'Model deployment', 'Natural language processing', 'Machine learning libraries', 'AI', 'Python', 'ProCore']","Full-time
$190,000 - $215,000 a year
2 days ago"
"Software Engineer 3, AI","The Farmer's Dog - 3.5
New York, NY","['CI/CD', 'Data modeling', 'Node.js', 'Customer retention', 'React', 'Mid-level', 'Analysis skills', 'JavaScript', 'Mentoring', 'Angular', 'Software development', 'Budgeting', 'Vue.js', 'AI', 'Leadership', 'TypeScript', 'Communication skills', 'Design patterns']","$155,000 - $175,000 a year
14 days ago"
Java Swing Software Developer – Financial Services,"Hire Orbitt
New York, NY","['Jira', 'CI/CD', 'Oracle', 'JUnit', 'React', 'Mid-level', 'Java', 'SQL', 'OOP', 'AWS', 'Analysis skills', 'Confluence', 'Continuous integration', 'Agile', 'Front-end development', 'Unit testing', 'JDBC', 'AI', '4 years', 'Jenkins', 'GitLab', 'Communication skills', 'Spring']","Full-time
$140,000 - $160,000 a year
2 days ago"
Website Development Engineer II - Web Enablement,"Datadog - 3.9
New York, NY","['Node.js', 'Bootstrap', 'Web development', 'Google Tag Manager', 'Google Cloud Platform', 'Mid-level', '3 years', 'AWS', 'JavaScript', 'SCSS', 'Terraform', 'ECMAScript', 'SASS', 'SEO', 'Figma', 'GitLab', 'HTML']","$102,000 - $131,000 a year
2 days ago"
Options: Software Developer,"D. E. Shaw & Co., L.P. - 4.1
New York, NY","['Management', 'Trading', 'Mid-level', '3 years', 'Java', 'Software development', 'Leadership']","Full-time
$200,000 - $325,000 a year"
Senior Back-End Developer with Front-End Expertise,"United partners
New York, NY","['React', 'Full-stack development', '5 years', 'AI integration', 'Laravel', 'Git', 'PHP', 'JavaScript', 'Back-end development', 'Senior level', 'HTML']","Full-time
$80,000 - $165,000 a year"
Staff Machine Learning Engineer,"Ramp Financial
New York, NY","['Looker', 'PyTorch', '5 years', 'NumPy', 'Snowflake', 'SQL', 'Pandas', ""Bachelor's degree"", 'Machine learning', 'Back-end development', 'Purchasing', 'Fraud prevention and detection', 'Senior level', 'Python']","Full-time
$185,000 - $315,000 a year
9 days ago"
"Sr. Software Engineer, Frontend","Peloton - 3.2
New York, NY","['Web accessibility', 'Growing experience', '6 years', 'CSS', 'React', 'Web development', 'Responsive web design', 'E-commerce', 'JavaScript', 'UX', 'Agile', 'A/B testing', 'Unit testing', 'Vue.js', 'Senior level', 'TypeScript', 'Analytics', 'Mobile design']","$173,478 - $234,196 a year
2 days ago"
Software Developer,"Luxoft - 4.5
New York, NY","['Computer science', 'Node.js', 'Computer Science', 'React', 'English', 'Mid-level', 'Java', ""Bachelor's degree"", 'JavaScript', 'Computer Information Systems', 'Kafka', 'Maven', '2 years', 'Spring', 'Hibernate']","$151,819 a year
1 day ago"
Senior Software Engineer (Experience Team),"Pinecone - 3.5
New York, NY","['Rust', 'Go', 'Node.js', 'RESTful API', 'Web development', 'Full-stack development', '5 years', 'Big data', 'Data structures', 'Back-end development', 'Senior level', 'AI', 'Python']","Full-time
$175,000 - $210,000 a year
1 day ago"
C++ Developer,"Blue Peak Group LLC
New York, NY","['7 years', 'Object-oriented modeling', 'Computer Science', 'Trading', 'Mid-level', 'Finance', ""Master's degree"", 'Algorithms', 'OOP', 'Analysis skills', 'C++', ""Bachelor's degree"", 'Software development', 'Multithreading', 'Communication skills', 'Design patterns']","Contract
$80 - $82 an hour"
"Software Development Engineer II CreativeX, Amazon","Amazon.com Services LLC - 3.5
New York, NY","['Computer science', 'Computer Science', 'Mid-level', '3 years', ""Bachelor's degree"", 'Software development', 'APIs', 'SDLC', 'Design patterns']","Full-time
$129,300 - $223,600 a year"
React Native Engineer,"Just Salad - 3.3
New York, NY","['React', 'iOS', 'Jest', 'Mid-level', 'E-commerce', '3 years', 'Project management', 'JavaScript', 'GitHub', 'Integration testing', 'React Native']","Full-time
$175,000 - $195,000 a year"
C++ Developer,"GFT Technologies SE - 4.2
New York, NY","['CI/CD', 'Computer science', '7 years', 'Management', 'Computer Science', 'Trading', 'Kubernetes', 'Test automation', 'C++', 'Docker', ""Bachelor's degree"", 'Computer networking', 'Agile', 'Financial services', 'Test cases', 'Integration testing', 'Unit testing', 'Senior level', 'Multithreading', 'Communication skills', 'Banking']","Contract
$900 a day
20 hours ago"
Software Engineer,"Goliath Partners
New York, NY","['Trading', 'Mid-level', 'Application development', ""Bachelor's degree"", 'Django', 'Python']","$250,000 - $425,000 a year"
"Staff Software Engineer, Infrastructure","Suno - 4.2
New York, NY","['Management', 'Kubernetes', 'Google Cloud Platform', 'AWS', 'Docker', 'Terraform', 'Senior level', 'Leadership']","Full-time
$170,000 - $240,000 a year"
"Staff Backend Engineer, Rider Account","Via - 3.2
New York, NY","['CI/CD', 'Computer science', '7 years', 'Computer Science', 'Kubernetes', 'C#', 'Java', 'SQL', 'AWS', 'Analysis skills', 'C++', ""Bachelor's degree"", 'Paratransit', 'GitHub', 'APIs', 'Senior level', 'Jenkins', 'GitLab', 'Communication skills', 'Python', 'MySQL', 'Design patterns']","Full-time
$200,000 - $275,000 a year"
Kubernetes Engineer,"QSS - 3.9
Manhattan, NY","['Kubernetes', 'Mid-level']","Full-time
Estimated: $106K - $122K a year
2 days ago"
Engineer (React.js & JavaScript),"Cenzen Media
New York, NY","['CI/CD', 'CSS', 'React', 'RESTful API', 'Software deployment', 'Git', 'Mid-level', 'UI design', 'JavaScript', 'SCSS', 'ECMAScript', 'Adobe XD', 'Redux', 'SEO', 'UX', 'APIs', 'Agile', 'Front-end development', 'GraphQL', 'Figma', '2 years', 'TypeScript', 'HTML']","$30 - $50 an hour
3 days ago"
Frontend Software Engineer III,"Sunbound - 3.0
New York, NY","['Computer science', 'React', 'Web development', 'Bachelor of Science', 'Writing skills', ""Master's degree"", 'Senior care', ""Bachelor's degree"", 'Redux', 'Software development', 'Senior level', '4 years', 'Figma', 'TypeScript', 'Communication skills']","Full-time
$130,000 - $160,000 a year
8 days ago"
"Staff Software Engineer, Backend","GlossGenius - 3.5
New York, NY","['Kotlin', 'React', 'System design', 'No experience needed', '3 years', 'Distributed systems', 'Ruby', 'Senior level', 'Leadership', 'React Native', 'Design patterns']","$219,500 - $258,000 a year"
Sr. Software Quality Engineer,"Kohler - 3.4
New York, NY","['CI/CD', 'Computer Science', 'Internet of things', '5 years', 'iOS', 'Firmware', 'Test automation', 'Information security', 'Software quality assurance', ""Bachelor's degree"", 'Senior level', 'AI', 'Python']","$114,500 - $168,722 a year
4 days ago"
Software Development Engineer,"Amazon.com Services LLC - 3.5
New York, NY","['Computer science', 'Computer Science', 'Mid-level', '3 years', 'AWS', ""Bachelor's degree"", 'SDLC', 'Design patterns']","Full-time
$129,300 - $223,600 a year
8 days ago"
Senior Engineer Backend (Java),"PayPal - 3.8
New York, NY","['Azure', 'Computer Science', 'NoSQL', 'Google Cloud Platform', '3 years', 'Java', 'Databases', 'SQL', 'Database design', 'AWS', ""Bachelor's degree"", 'Ruby on Rails', 'REST', 'Senior level', 'Python', 'Spring', 'Hibernate', 'Spring MVC']","Full-time
$72,700 - $176,000 a year
3 days ago"
Software Developer - AI Trainer,"DataAnnotation - 3.9
New York, NY","['Kotlin', 'Go', 'CSS', 'React', 'Writing skills', 'C#', 'English', 'Mid-level', 'Java', 'SQL', 'C++', 'C', ""Bachelor's degree"", 'JavaScript', 'Swift', 'AI', 'Grammar Experience', 'TypeScript', 'Python', 'HTML']","Contract
From $40 an hour"
Software Engineer II (C# .NET WinForms),"Management Science Associates - 2.8
United States","['RDBMS', 'Computer science', 'Power BI', 'Management', 'Computer Science', 'Relational databases', '5 years', 'Visual Studio', 'C#', 'Microsoft SQL Server', 'SSRS', '.NET', 'Database management', ""Bachelor's degree"", 'Data management', 'Software development', 'IT', 'Unit testing', 'Systems analysis', 'Manufacturing', 'Senior level', 'Communication skills', 'Python', 'SDLC']","Full-time
Estimated: $104K - $132K a year"
Principal Performance Engineer (Trading),"Fidelity Investments - 4.0
Jersey City, NJ","['Computer science', 'Ethereum', 'Oracle', 'Computer Science', 'Relational databases', 'Cucumber', 'Test automation', 'Employment & labor law', 'Selenium', 'Performance testing', 'Java', 'Databases', 'SQL', 'AWS', ""Bachelor's degree"", 'Splunk', 'Scripting', 'Scrum', 'Agile', 'IT', 'S3', 'Senior level', 'Cryptocurrency', 'Mechanical knowledge', 'Python', 'Shell Scripting', '10 years']","$85,000 - $179,000 a year"
Software Engineer III (Core Java),"JPMorganChase - 3.9
New York, NY","['Management', 'React', 'Mid-level', '3 years', 'Java', 'SQL', 'PostgreSQL', 'Angular', 'Sybase', 'Web services', 'Kafka', 'Communication skills', 'Spring', 'Design patterns']","Full-time
$133,000 - $185,000 a year"
"Senior Software Engineer, Full Stack","Biograph
New York, NY","['Full-stack development', 'Mid-level', '3 years', 'Django', 'Python', 'React Native']","$150,000 - $200,000 a year"
"Software Development Engineer, AWS Marketplace","Amazon Web Services, Inc. - 3.4
New York, NY","['Computer science', 'Computer Science', 'Mid-level', '3 years', 'AWS', ""Bachelor's degree"", 'Machine learning', 'Software development', 'Communication skills', 'SDLC', 'Design patterns']","Full-time
$129,300 - $223,600 a year"
Frontend Software Engineer - React / Typescript (Backstage),"Cast & Crew - 4.0
New York, NY","['Management', 'React', 'Kanban', 'DevOps', 'iOS', 'Accounting software', 'Mid-level', 'Application development', 'Project management', 'Back-end development', 'Redux', 'Django', 'Front-end development', '4 years', 'TypeScript', 'Communication skills', 'Python']","Full-time
$140,000 - $145,000 a year"
iOS Engineer,"Stash
New York, NY","['Computer science', 'Computer Science', 'iOS development', 'Test-driven development', 'Mid-level', ""Master's degree"", ""Bachelor's degree"", 'Swift', 'Maven', '2 years']","Temp-to-hire | Full-time
$68 an hour
3 days ago"
Senior Backend Software Engineer,"S&P Global - 3.9
New York, NY","['Law', 'Kubernetes', 'RESTful API', '5 years', 'Data structures', 'Git', 'Algorithms', 'Docker', 'Machine learning', 'PostgreSQL', 'Natural language processing', 'Django', 'Text classification', 'APIs', 'Senior level', 'AI', 'Jenkins', 'Communication skills', 'Python', 'SDLC']","$150,000 - $225,000 a year"
Software Engineer,"Point72 - 4.2
New York, NY","['CI/CD', '6 years', 'Computer Science', 'Software troubleshooting', 'Full-stack development', 'DevOps', '.NET', ""Master's degree"", ""Bachelor's degree"", 'Data science', 'Senior level', 'Communication skills', 'Python']","$125,000 - $175,000 a year"
C# Developer,"INFOTRON - 4.0
New York, NY","['Management', 'Computer Science', '5 years', 'C#', 'Git', '.NET', 'SOAP', 'SQL', 'OOP', ""Bachelor's degree"", 'SVN', 'REST', 'IT', 'Financial services', 'Senior level', 'Information Technology']","Full-time
$110,000 a year"
Sr. Software Engineer II - Frontend,"DoubleVerify - 3.4
New York, NY","['Management', 'CSS', 'React', 'D3.js', '5 years', 'JavaScript', 'Django', 'UX', 'Organizational skills', 'APIs', 'Data visualization', 'Senior level', 'Communication skills']","$102,000 - $202,000 a year
1 day ago"
"Software Development Manager, Amazon Connect","Amazon Development Center U.S., Inc. - 3.4
New York, NY","['Program management', 'Management', '3 years', 'AWS', 'Team management', 'Product management', 'Mentoring', 'Recruiting', 'S3', 'Web services', 'Senior level', 'AI', 'Leadership', 'Design patterns', 'AWS Lambda']","Full-time
$166,400 - $287,700 a year
9 hours ago"
Software Engineer,"Yext - 3.8
New York, NY","['Computer Science', 'Bachelor of Science', 'Data structures', 'Mid-level', 'Java', 'Algorithms', 'C++', ""Bachelor's degree"", '4 years', 'Python']","$119,700 - $258,000 a year
14 days ago"
Senior Backend Software Engineer,"GreenLite
New York, NY","['5 years', 'SQL', 'PostgreSQL', 'Software development', 'APIs', 'Senior level']","Full-time
$178,000 - $201,000 a year"
"Manager, Software Engineering (Front-End)","Mastercard - 4.0
New York, NY","['CI/CD', 'Adobe Photoshop', 'MVC', 'CSS', 'Bamboo', 'iOS development', 'Software deployment', 'iOS', 'System architecture', 'Objective-C', 'Test-driven development', 'Responsive web design', 'UI design', 'Information security', 'AWS', 'JavaScript', 'Angular', 'UX', 'Organizational skills', 'APIs', 'IT', 'UI', 'Vue.js', 'Senior level', 'Jenkins', 'Communication skills', 'jQuery', 'HTML', 'Design patterns']","Full-time
$166,000 - $265,000 a year"
Software Developer,"D. E. Shaw & Co., L.P. - 4.1
New York, NY","['Mid-level', 'Distributed systems', 'Software development']","Full-time
$200,000 a year"
iOS Software Engineer,"Suno - 4.2
New York, NY","['iOS development', 'RESTful API', 'iOS', 'Mid-level', '3 years', 'Computer networking', 'Swift', 'Communication skills']","Full-time
$130,000 - $180,000 a year"
Senior Software Engineer (Python),"Hatch - 4.0
New York, NY","['CI/CD', 'Kubernetes', 'RESTful API', '5 years', 'Software deployment', 'Test automation', 'NoSQL', 'Google Cloud Platform', 'MongoDB', 'Databases', 'AWS', 'Docker', 'PostgreSQL', 'REST', 'Django', 'GitHub', 'APIs', 'CircleCI', 'GraphQL', 'Flask', 'Senior level', 'Jenkins', 'Python']","Full-time
$150,000 - $200,000 a year"
Senior Software Engineer - Machine Learning,"Apple - 4.1
New York, NY","['CI/CD', 'Machine learning', 'Distributed systems', 'Scalability', 'Senior level', 'AI', 'Debugging']","Full-time
$175,800 - $312,200 a year"
